Gr√∂sste Pfeife Waldkirchs,48.091214,7.953323,Arena
Gutleutkreis 1,47.988518,7.820795,Arena
Sonnenuhr Staudinger,47.991222,7.825398,Arena
Beat Man Haslach,47.991146,7.826742,Arena
Melanchthonkirche,47.992087,7.817412,Arena
Schlossberg Cross,47.994854,7.858673,Arena
Johanneskirche,47.988868,7.847594,Arena
Schwabentor,47.992876,7.854334,Arena
Drache,47.971306,7.842989,Arena
Pagode,48.013051,7.813096,Arena
Gaskugel,48.007483,7.806024,Arena
Katholische Kirche V√∂rstetten,48.062713,7.84329,Arena
Goldener Anker,47.988644,7.851441,Arena
Haltestelle Pressehaus,47.986193,7.829222,Arena
Noch ein Brunnen,47.990711,7.852076,Arena
Fritz Ginter Parkstein,48.019499,7.865244,Arena
St. Blasius-Kirche,48.023575,7.865206,Arena
Hear No Evil See No Evil  ,48.007509,7.872001,Arena
Professor Dr. Schreiber,47.990441,7.848094,Arena
Historisches Kaufhaus,47.995301,7.852241,Arena
Goldener Hirsch,48.095017,7.961734,Arena
Chorregentenbrunnen,48.091311,7.964533,Arena
Helene,47.993176,7.880796,Arena
Albertus Magnus An Der Wand   ,47.997566,7.848679,Arena
Affenbrunnen,47.99671,7.850113,Arena
Kunst an der Schule,47.98467,7.90413,Arena
St. Margarethen-Brunnen,48.09151,7.963456,Arena
St Hilarius,47.988483,7.90531,Arena
Mehrfarbige Laser S√§ule,47.977935,7.829641,Arena
Partnerschaft Saeule Polen/Bierun,48.039907,7.865028,Arena
Adler Statue,48.066433,7.852506,Arena
Wasserkreislauf 2,47.981499,7.906959,Arena
Hildaturm,47.979514,7.838044,Arena
Skulptur am HBF,47.996109,7.841564,Arena
Spielplatz am Dichterweg,48.0733,7.892443,Arena
Heart of the City,47.995111,7.84536,Arena
Metallskulpturen H. Mut. 7,48.103172,7.973762,Arena
J√ºdischer Friedhof,48.01244,7.828646,Arena
Alt Haslach 1910,47.993601,7.819792,Arena
Wasserrad Wenzinger Schulen,48.013458,7.824549,Arena
Flight 13,48.009806,7.854075,Arena
Der Saturn,47.991177,7.887459,Arena
Turtles in Ground,48.01076,7.829971,Arena
R√∂hrenturm Seepark,48.014102,7.816008,Arena
Fl√∂tist Relief,47.994309,7.828408,Arena
Grafitti 2,47.988142,7.87425,Arena
Gedenkstein,47.98845,7.796019,Arena
Narri Narro,47.966437,7.855544,Arena
Martinstor,47.993782,7.84902,Arena
48¬∞ Grad N√∂rdliche Breite,48.000006,7.853416,Arena
Brunnen am Landratsamt,47.999085,7.857218,Arena
Graffiti Weingarten,47.993381,7.811656,Arena
Big Hand Sign,47.988205,7.799917,Arena
Die sch√∂nste Nebensache der Welt   ,47.988332,7.892052,Arena
Sportpark Sonnland,48.003816,7.809202,Arena
Jokilibrunnen,48.092607,7.963108,Arena
Tennenbacher Platz,48.005948,7.847041,Arena
Brunnen Hauptfriedhof,48.007278,7.842203,Arena
Ein Engel aus Stein,48.007337,7.841409,Arena
Polizei,48.001098,7.838177,Arena
Kunst Im Treppenhaus,48.004596,7.83432,Arena
Bundschuh Eiche,48.017393,7.804646,Arena
Der Uranus,47.990575,7.875723,Arena
Kirche St. Josef,48.065605,7.887275,Arena
Alien Graffiti,48.016627,7.8594,Arena
Traubenpresse Gundelfingen,48.048784,7.859665,Arena
Brunnen Gundelfingen,48.04232,7.866645,Arena
Tischtennis im Park,47.995771,7.812567,Arena
√∂kologische Anlaufstelle,47.99591,7.813467,Arena
Alte G√ºterbahnhof Halle 9,48.014063,7.844457,Arena
Froschwand,48.071172,7.890258,Arena
Wasserschl√∂ssle,47.98356,7.860134,Arena
Europabrunnen,48.070722,7.890377,Arena
Ritter Malterer,48.096807,7.955235,Arena
Kirche Gundelfingen,48.045037,7.866596,Arena
Heldenkreuz,48.087694,7.965869,Arena
Schnegge,48.043643,7.87097,Arena
1.Station des Kreuzweges nach St.Ottilien  ,47.993524,7.890137,Arena
Feuerteufelbrunnen,48.102571,7.971444,Arena
Der weisse Turm,48.01281,7.821086,Arena
Der Adler,47.992458,7.79196,Arena
FT Sportpark,47.990324,7.884735,Arena
Frogs Can't Fly Painting,47.98043,7.822087,Arena
Pizzeria Pinocchio,47.99445,7.819344,Arena
Kirche Merzhausen,47.965251,7.825098,Arena
Elektro Jebus,48.093148,7.964357,Arena
H√∂llentor,48.012812,7.819897,Arena
Stencil Remains,47.97772,7.915673,Arena
Venusbrunnen,48.040231,7.811249,Arena
Spielplatz Heimatweg,48.070601,7.906258,Arena
St. Anna,47.985158,7.845917,Arena
Rechenzentrum,48.003587,7.84809,Arena
Kreuz Am Wichtelstein,47.989155,7.901983,Arena
Wiwilli Br√ºcke,47.995716,7.840902,Arena
Kreuz Alemannenstra√üe,47.977423,7.908126,Arena
The Machine,47.99964,7.844921,Arena
Hbf Freiburg,47.996826,7.841088,Arena
Kreuz des Evangelischen Gemeindezentrums,48.069142,7.90711,Arena
Turm des alten Kepler Gymnasium   ,48.002701,7.854842,Arena
Riesensteckdose,48.001027,7.84973,Arena
Edelsteinschleiferei Aug. Wintermantel,48.0944,7.960065,Arena
Auerhahn,47.981494,7.849761,Arena
Dreisamstadion,47.989847,7.893793,Arena
Weise Eule,47.980988,7.854068,Arena
St Vincent Church,48.001049,7.853537,Arena
Baumhase,48.08639,7.94661,Arena
North Hykeham,48.069906,7.883312,Arena
Nachbarin Am Balkon,47.984153,7.857684,Arena
XM Fountain,48.065853,7.845723,Arena
Schulhaus,47.97973,7.895465,Arena
Die Liegende,48.001778,7.84554,Arena
Spirale,48.005528,7.840571,Arena
Betende H√§nde,48.000658,7.844602,Arena
Bahnhof Littenweiler,47.981685,7.895116,Arena
Stephanienbrunnen,47.979693,7.853405,Arena
Sonnenuhr Gasthaus zum Stahl,47.992119,7.873236,Arena
Physikalisches Institut,48.002315,7.851216,Arena
Storchenskulptur,48.067344,7.882411,Arena
Trainwreckmemorial,48.032205,7.805155,Arena
Schwarzwaldzoo Waldkirch,48.088097,7.959122,Arena
Eichh√∂rnchen am Baumkronenweg,48.087038,7.958328,Arena
Biosk Stadthalle,47.987666,7.873806,Arena
Steinpendel Ohne Stein,48.011811,7.780714,Arena
Freiburger Mundenhof - Bisonskulptur,48.01195,7.778494,Arena
Bandstand,47.996245,7.798136,Arena
Brunnen am Scherrer Platz,47.990355,7.8198,Arena
Ev. Stadtkirche,48.092501,7.958265,Arena
Emilie,47.989469,7.86018,Arena
Zentrum Oberwiehre,47.988271,7.869321,Arena
Wasserspucker am Waldsee,47.982439,7.875828,Arena
Bahnhof Waldkirch,48.0955,7.957469,Arena
Wilhelm-Eschle-Platz,47.987522,7.865518,Arena
Dampfportal,48.000725,7.832458,Arena
Schlossbergturm,47.994991,7.861996,Arena
Maria Hilf Kirche,47.987903,7.864498,Arena
St. Josef,48.005729,7.833247,Arena
Wei√üer Storch,48.008131,7.834734,Arena
4 Headed Fountain,48.006317,7.818108,Arena
Wooden Powercube,48.002226,7.832437,Arena
Stein Weltkugel,48.00688,7.821156,Arena
Holzenten am See,48.013566,7.813727,Arena
Waldorfschule,47.975755,7.815395,Arena
Wandkatalysator,47.997797,7.793984,Arena
Mooswaldwiibli,48.023732,7.808748,Arena
Fritz,48.019918,7.855486,Arena
Atomkopf Affen,48.022486,7.850047,Arena
Gesprungene Schale,47.974135,7.827934,Arena
S√ºden,47.97508,7.825427,Arena
Trinity Balance,47.985091,7.833418,Arena
Krokodil II,47.996764,7.786986,Arena
Windkuh,47.990744,7.871528,Arena
Rundwanderweg,47.99872,7.780329,Arena
Friede Auf Deinem Weg,48.046158,7.88016,Arena
Beautiful Fountain,48.005572,7.823108,Arena
Figur am Rosengarten,48.006977,7.824757,Arena
Doppelrolle,48.013399,7.836443,Arena
Georgskirche,48.066716,7.882522,Arena
L√∂wenbrauerei-Turm,47.995543,7.835816,Arena
Stone Hats,47.993227,7.840468,Arena
Landschaftsschutzgebiet Konrad-Guenther-Park,47.986334,7.878578,Arena
Baum der Erkenntnis,47.971133,7.916853,Arena
Symbiose Fettk√∂tter,47.992061,7.834759,Arena
INRI an Endhaltestelle L27,48.011159,7.863188,Arena
Grubenhaus,48.065501,7.852734,Arena
Alter Kessel,48.023155,7.85346,Arena
M√ºnster Brunnen,47.995938,7.852346,Arena
Casino K√∂nig,47.988758,7.866884,Arena
Landratsamt Freiburg im Breisgau,47.999422,7.857202,Arena
Uni Bibliothek,47.9939,7.845251,Arena
Wei√üer Engel,48.009016,7.840476,Arena
Haltestelle Heinrich-von-Stephan Str.,47.986216,7.836598,Arena
4 S√§ulen,48.001132,7.822665,Arena
Marios Traum (R√∂hren und Brunnen)   ,48.02813,7.845803,Arena
Dimension Cube,48.009446,7.810859,Arena
Pink Murale,48.007776,7.854125,Arena
Modern Art Bauhaus Style,47.983139,7.820202,Arena
Br√ºcke Des Todes,48.008957,7.80391,Arena
Littenweiler Eisb√§r,47.981191,7.890447,Arena
Red Chair,48.021137,7.839846,Arena
Kleine Buckelrutsche,48.004982,7.815026,Arena
Church Bruehl,48.008738,7.849513,Arena
Wind Helix,48.001303,7.858999,Arena
Reaktortrommel,48.024069,7.842018,Arena
Red Tubes,47.978371,7.814565,Arena
St. Georgener Dorfbrunnen,47.981199,7.806923,Arena
St Georgen Clock Tower,47.97938,7.814093,Arena
Medical A,47.978115,7.815342,Arena
Zipper and Grapes Fountain,47.978889,7.804593,Arena
Katzens√§ule,47.981376,7.888598,Arena
Auf Wiedersehen,48.01077,7.84108,Arena
Eichhalde Weinbauer,48.006603,7.864816,Arena
Dinosaur Jr.,47.996268,7.820276,Arena
Festung Freiburger Schloss,47.99585,7.865916,Arena
Stadtmauer Ebnet 1612,47.987534,7.905346,Arena
Waldmensch Weggabler,47.970234,7.844469,Arena
Riesenkreuz with Cage,47.995644,7.874508,Arena
Wendlinger Brunnen,47.975246,7.793061,Arena
Skulptur vor dem Bauamt,48.00159,7.861255,Arena
M√ºnstersteinbruch Denkmal,47.98244,7.839219,Arena
H√ºterin des Wassers,48.03959,7.814233,Arena
Hexenschuss,47.97203,7.842682,Arena
Messe Freiburg,48.01659,7.839293,Arena
Grosse Kapelle,47.965408,7.85636,Arena
Gedenkkreuz St. Georgen,47.977053,7.797099,Arena
Brunnen vorm Hirsch,48.080963,7.917604,Arena
Brunnen vor der Kirche st. Georgen  ,47.981025,7.793872,Arena
H√ºgelsporthalle,48.000424,7.792142,Arena
Erzbisch√∂fliches Seelsorgeamt,48.010967,7.857361,Arena
Jugendstil,47.99906,7.83688,Arena
Paduaallee Station,48.013603,7.807417,Arena
Rusty Artwork,48.016284,7.830887,Arena
Gockel,48.016656,7.803815,Arena
Baral Kugelbrunnen,48.074763,7.878125,Arena
Rehbrunnen,47.967193,7.836647,Arena
Wegkreuz Breitmatten,47.96884,7.849303,Arena
Rathaus Ebnet,47.987092,7.905204,Arena
Sonne Planetenweg,47.987636,7.898437,Arena
Wegekreuz,47.983146,7.89398,Arena
Steinerne Schleife,47.979365,7.896299,Arena
Kirche Rieselfeld,47.999728,7.791086,Arena
Kreuz Hauptstra√üe,48.007502,7.855374,Arena
Lions,48.015584,7.855049,Arena
Kirche Peter und Paul,47.96622,7.90808,Arena
Bahnhof Denzlingen,48.068597,7.881589,Arena
Seeb√ºhne,48.012235,7.814854,Arena
Jugendtreff,48.014615,7.823373,Arena
Krone,48.070356,7.871104,Arena
Dragon's Egg,48.023149,7.858426,Arena
Big Ice Cream,48.022234,7.857996,Arena
Dobermann,47.974649,7.797357,Arena
Noch ein Spielplatz,48.015211,7.856066,Arena
Soccer Sculpture,47.986145,7.815351,Arena
Halb Mensch Halb Tier   ,48.012885,7.782443,Arena
Broken Stone Tree,48.029388,7.806418,Arena
Waldspielplatz,48.02124,7.812658,Arena
Dead Under the Bridge,48.001316,7.813788,Arena
Stahlskulptur am J√§gerh√§usle,48.007334,7.870382,Arena
Spielplatz am Rondell St. Cyr   ,48.067219,7.903768,Arena
Graffiti Halfpipe,48.074177,7.902989,Arena
Jump & Twist,48.012409,7.83454,Arena
Pavillon,47.995957,7.783479,Arena
Alte Heimat,48.095575,7.974289,Arena
Betty Boob,48.073426,7.899819,Arena
Cow Statue,47.985135,7.851844,Arena
Am Heidach See,48.068197,7.912023,Arena
Sibling Slides,48.071294,7.900479,Arena
Steinstatue Schlangen,48.070581,7.899701,Arena
Drachenschlund,48.000514,7.815683,Arena
Dietenbeach Volleyballfeld,48.000631,7.80362,Arena
Vogelhaus Stadtpark,47.997717,7.858309,Arena
Holbeinpferd,47.979664,7.847677,Arena
Spielplatz Kandelsstra√üe,48.06701,7.890706,Arena
Bienenhotel,48.010273,7.78236,Arena
Mundens√§ulen,48.010088,7.780432,Arena
Schnewlindrache,47.991713,7.838354,Arena
Dreisambr√ºcke,47.993683,7.83246,Arena
Denkmal Badisches Infanterie Regiment,47.998821,7.857589,Arena
Kapelle auf altem Friedhof   ,48.095351,7.965759,Arena
Sternenkugel,48.005587,7.835541,Arena
Auferstehungs-Gemeinde,47.983515,7.897535,Arena
Joseph Brandel Brunnen,47.985116,7.814738,Arena
Stone Lion at The Lake   ,48.028464,7.804643,Arena
Hauptfriedhof Freiburg,48.007328,7.84523,Arena
Musikwalzen - Waldkirch,48.0896,7.949667,Arena
Georg Elser Building,47.975772,7.8216,Arena
Dame Schachmatt,48.087902,7.95528,Arena
Freiburg Planetenweg,47.990676,7.862466,Arena
Kringelstatue 3fach,48.007065,7.871825,Arena
Herder-Turm,48.022079,7.80086,Arena
Achteckiger Sandkasten,47.998457,7.823246,Arena
Weed Smokers Tower GuFi  ,48.045486,7.874331,Arena
Holzturm im Seepark - Freiburg,48.011261,7.820263,Pokestop
Geschwungener Brunnen,47.974758,7.825413,Pokestop
Pfarrheim Ebnet,47.988333,7.906158,Pokestop
Mooswaldbrunnen,48.014675,7.824283,Pokestop
Geologisches Profil,48.013322,7.818347,Pokestop
St. Franziskus,47.989069,7.904957,Pokestop
Waage Waldkirch,48.103269,7.974873,Pokestop
Forellenbrunnen Merzhausen,47.966434,7.824552,Pokestop
Kein Trinkwasser,48.096825,7.969706,Pokestop
Lurchi-Brunnen,47.975381,7.823571,Pokestop
Der Hahn,47.97423,7.82538,Pokestop
Heiligtum Der Berufung,47.966335,7.819657,Arena
Old Timer,48.011903,7.824464,Pokestop
300,48.01049,7.816338,Pokestop
Nashorn,47.974256,7.818121,Pokestop
Abenteuer Spielplatz,47.990445,7.87405,Pokestop
Katholische Kirche,48.015766,7.815094,Pokestop
Cross at a Crossing,47.966055,7.828599,Pokestop
Cross of Kappel,47.964854,7.908129,Pokestop
NOLL TURM,48.031673,7.842588,Pokestop
St. Pankratius Kirche,48.081322,7.917595,Pokestop
Go-West-Ranch,48.052717,7.856603,Pokestop
Bleistift - Giant Colored Penc,48.013307,7.814244,Pokestop
Schiffsbr√ºcke,48.07241,7.907707,Pokestop
Maria Mit Kind 1981,48.096396,7.96878,Pokestop
Brunnen Im Jesuiten,47.966258,7.817442,Pokestop
M√ºhlenrad,48.080735,7.919023,Pokestop
DFG Pavilion,47.989989,7.873879,Pokestop
Waldmenschenreich,47.969775,7.845655,Pokestop
Andachtskapelle St. Barbara,47.992077,7.884745,Pokestop
New Omega,47.973454,7.818556,Pokestop
Hasemannstrasse,47.986463,7.884077,Pokestop
Waldmensch Schneewittchen,47.970887,7.843907,Pokestop
Stone Tower,48.009258,7.847196,Pokestop
Wendelturm im Seepark,48.01154,7.814762,Pokestop
Weingott,48.011053,7.819498,Pokestop
Baral Frau,48.074284,7.877844,Pokestop
Rusty Venus,48.010229,7.857315,Pokestop
Schneckenturm,48.010294,7.82122,Pokestop
Stammbaum Der Bl√ºtenpflanzen,48.009307,7.856898,Pokestop
Pokals√§ule,48.00946,7.844928,Pokestop
Pontonbr√ºcke,48.00966,7.819694,Pokestop
Spanischer Kultur und Sportverein e. V,48.011803,7.852089,Pokestop
Eisb√§r,48.012244,7.851789,Pokestop
Ki Ta Biolono,48.009926,7.856977,Pokestop
Living Tree Murale,48.017438,7.857108,Pokestop
Schwarz - Wei√ü,48.010456,7.856214,Pokestop
Friedhof Brunnen Nord,48.010574,7.842539,Pokestop
Personen-Sonnenuhr,48.012344,7.813319,Pokestop
Krematorium Freiburg,48.009922,7.844799,Pokestop
Destroyed Olympia,47.995951,7.845727,Pokestop
Bodenkompass,48.009392,7.821655,Pokestop
Katholische Pfarrkirche St. Josef,48.102893,7.97145,Pokestop
Stolpersteine J. Und L. Reichmann,47.987655,7.853394,Pokestop
Brunnen im Ortskern,48.105086,7.972598,Pokestop
Zwillings L√∂wen vor dem Gasthaus zum Kreuz,48.096197,7.963665,Pokestop
Albert-Schweitzer-Schulzentrum,48.041104,7.870891,Pokestop
Wiatrak,48.010781,7.827807,Pokestop
VII. Jesus f√§llt das zweite Mal,47.981732,7.837622,Pokestop
Solarturm im Seepark,48.008758,7.82192,Pokestop
Kirche Jesu Christi Der Heiligen Der Letzten Tage,47.994929,7.824242,Pokestop
Bischofskreuz,48.005731,7.819824,Pokestop
Hexenhaus mit Hundeh√ºtte,48.024739,7.848155,Pokestop
Gedenk-Brunnen,48.009015,7.845191,Pokestop
Lochstein,48.010977,7.820843,Pokestop
Freiburg: Woman with Children,48.013726,7.85668,Pokestop
Besan√ßon Landesgartenschau 1986,48.009897,7.821903,Pokestop
Zebra Art,47.996621,7.79425,Pokestop
1898,47.993561,7.851226,Pokestop
Fort Knox,47.992006,7.856715,Pokestop
Obere-Linde Memorial,47.993689,7.854581,Pokestop
Alban Cat,47.993989,7.854612,Pokestop
Hokus Pokus Beat,47.991594,7.827222,Pokestop
Kletterger√ºst Haslach,47.992243,7.827695,Pokestop
Kieser Training,47.994125,7.850302,Pokestop
Skulptur Am Landgericht,47.994694,7.851815,Pokestop
Metal Cloud,47.992138,7.824948,Pokestop
Tiny Brick House on Top of a House,47.995402,7.851152,Pokestop
Muschel,47.992749,7.791603,Pokestop
Historisches Geb√§ude M√ºnsterbauverein,47.995502,7.854144,Pokestop
Jugendarbeit Weingarten,47.994096,7.815105,Pokestop
Krozinger Stra√üe 80,47.993661,7.814585,Pokestop
Tulpen,47.995439,7.850358,Pokestop
Gold and green,47.993651,7.853841,Pokestop
The Lighter,47.986295,7.815996,Pokestop
Brunnen Kart√§userstrasse,47.991727,7.859707,Pokestop
Spieloffensive,47.993362,7.814435,Pokestop
Kreuz St. Michael,47.990335,7.820992,Pokestop
Town Archive,47.994398,7.850862,Pokestop
Silbergruben - Kiesgrubenweg,47.991507,7.782959,Pokestop
Wooden Tower,48.010331,7.850572,Pokestop
Schmetterling,48.012156,7.821916,Pokestop
Bender Head at Westbad,48.011354,7.82278,Pokestop
Freiburg: Schlossberg cross,47.994258,7.857976,Pokestop
Biergarten,47.992984,7.788482,Pokestop
Kreuz vor der Baptisten-Gemeinde,48.006287,7.850248,Pokestop
Pencil Case,47.986247,7.816812,Pokestop
Monolith,47.989142,7.7943,Pokestop
Badenova H√§uschen,47.993731,7.821809,Pokestop
Tree Cut,48.008638,7.85857,Pokestop
Ludwigs-Hoehe,47.993678,7.858235,Pokestop
Staudinger S√§ule Nord,47.992561,7.825431,Pokestop
Kopfloser Nick,47.987131,7.847922,Pokestop
Mein Baby,47.992475,7.854519,Pokestop
Alte Universit√§t,47.995254,7.847691,Pokestop
Freiburg nach dem Schneefall ¬¶,47.99248,7.853723,Pokestop
Freiburg: Golden Bear,47.99334,7.853992,Pokestop
Stolperstein Dr Hans Pollock,47.986658,7.847167,Pokestop
Brunnen Schwabentorring,47.991241,7.85435,Pokestop
Calvary Chapel,47.994082,7.847908,Pokestop
Schneckenbrunnen Spemannplatz,47.971591,7.837683,Pokestop
Mach Blau,48.074239,7.900382,Pokestop
Balanceakt,47.991124,7.878989,Pokestop
Engels Wappen,47.984548,7.837729,Pokestop
Place De La Petanque,48.07328,7.903657,Pokestop
Blume,47.995072,7.848977,Pokestop
Kreuz auf der Haid,47.988986,7.785175,Pokestop
B√§rchen23,47.995823,7.835137,Pokestop
Gro√ües Rad,47.991711,7.793943,Pokestop
Donald Duck Graffiti,48.09692,7.965187,Pokestop
Steini Schlumpf,47.99465,7.859618,Pokestop
Majim Steg,47.987469,7.903327,Pokestop
Arachnides Kinderfang Netz,47.990967,7.879178,Pokestop
Crazy Wall,47.992609,7.83305,Pokestop
Totes Gleis,47.976384,7.817444,Pokestop
Weingarten Wappen,47.99434,7.810533,Pokestop
Broken Concrete Sculpture,48.033745,7.851061,Pokestop
Frau Mit Kind,48.009288,7.840731,Pokestop
Aussichtspunkt,48.010411,7.869904,Pokestop
Auferstehungs-Gemeinde,47.983515,7.897535,Pokestop
Nadelwald Tattoo,47.988718,7.867096,Pokestop
Kinder Skulptur Am Stadtrainsee,48.0892,7.957628,Pokestop
Pferd,47.994431,7.853708,Pokestop
Karma Buddha,47.996318,7.844359,Pokestop
Zu unser Frauen Berg,47.996105,7.84817,Pokestop
Dionysos,47.98835,7.846017,Pokestop
Erzbischofskirche,47.994932,7.853788,Pokestop
Spielplatz,48.02406,7.861133,Pokestop
Brunnen In Der Passage,47.995467,7.849663,Pokestop
Kaiser Joseph Str. Brunnen,47.991178,7.848283,Pokestop
Regenbogen Stift,48.03914,7.811846,Pokestop
Katze,47.991231,7.846571,Pokestop
Schattenstein,48.003313,7.817049,Pokestop
Trojanisches Pferd,48.011766,7.782297,Pokestop
Kaffee Time Out,47.988811,7.849838,Pokestop
Kunstruine,47.992217,7.849777,Pokestop
St√§tische Kinderschule,48.092712,7.96129,Pokestop
Kornkreis,47.989937,7.847972,Pokestop
Gottesackerkapelle,48.02195,7.861134,Pokestop
Halfpipe Dietenbachpark,48.002522,7.804419,Pokestop
Steinskulptur,47.99367,7.846899,Pokestop
Graffiti Dreisam-Unterf√ºhrung,47.990829,7.84399,Pokestop
Lebens Portal,47.990328,7.857221,Pokestop
Mundenhof Spieldrache,48.013358,7.782267,Pokestop
Jesuskreuz,48.020328,7.862371,Pokestop
Alien Flat,48.029677,7.809013,Pokestop
,47.990043,7.851866,Pokestop
Altstadtbrunnen,47.995875,7.847885,Pokestop
Aristoteles,47.993675,7.846064,Pokestop
Gertrud Luckner Stolperstein,47.988965,7.846101,Pokestop
Bildstock St. Margarethe,48.091669,7.962503,Pokestop
Graffiti Unterf√ºhrung,47.989315,7.858823,Pokestop
The Pipe,48.001751,7.80616,Pokestop
Anker,47.992421,7.851521,Pokestop
Drunk Monk Street Art,47.993371,7.850858,Pokestop
Rathaus Waldkirch,48.091708,7.961742,Pokestop
LKW Mann,48.039507,7.808133,Pokestop
Bloody Mary,47.993348,7.848933,Pokestop
Sleeping  Man,47.989107,7.850637,Pokestop
Arche Noah,48.012842,7.782718,Pokestop
Zaehringen Tower Murale,48.022922,7.861664,Pokestop
Tischtennis mit Graffiti,48.02078,7.860443,Pokestop
Kronenpokal,47.989293,7.843808,Pokestop
25 Jahre Landwasser,48.028679,7.805132,Pokestop
Paulussaal Freiburg,47.991079,7.849307,Pokestop
Steinmann Gundelfingen,48.040243,7.865339,Pokestop
Gr√ºne Pumpe,48.000513,7.852121,Pokestop
Freiburg Synagoge,47.996354,7.853567,Pokestop
B√ºrgerhaus,48.019354,7.858367,Pokestop
Badisches Mosaik,47.985363,7.828434,Pokestop
Rottecksruhe,48.000227,7.856665,Pokestop
Hebsackwiesen,48.009221,7.86663,Pokestop
Mosaik,47.996705,7.847366,Pokestop
Freiburg: Wave Portal,47.996606,7.850774,Pokestop
Ebnets Bauernh√∂fe,47.986273,7.905915,Pokestop
Wasserspeier Zentralhotel,47.997415,7.851505,Pokestop
Kaiserstier,47.996872,7.851845,Pokestop
St. Nepomuk,47.987371,7.896606,Pokestop
Goldhuus,47.998008,7.854229,Pokestop
Festung Freiburger Schlossberg - Die Peterskirche,47.997431,7.867329,Pokestop
Wine in the City,47.99703,7.845898,Pokestop
KTS,47.986006,7.831103,Pokestop
Freiburg: Column Portal,48.000302,7.852308,Pokestop
Sonnenuhr & Uhr - f√ºr Regentage,47.999584,7.845498,Pokestop
,48.003151,7.845024,Pokestop
Sikawild,48.08614,7.958198,Pokestop
kleines Steinportal,48.007788,7.869689,Pokestop
Wasserschlo√ü,47.979015,7.915247,Pokestop
Kleiner Steinmetzbogen,47.982833,7.832445,Pokestop
Flower Power,48.001017,7.84775,Pokestop
Stone Woman,48.048688,7.862545,Pokestop
Siegesdenkmal,47.998144,7.851569,Pokestop
Stadt Freiburg Stein,47.989834,7.894131,Pokestop
F√§sslestemmer,48.042451,7.866293,Pokestop
Adler im Zoo,48.086841,7.959896,Pokestop
Eingang Friedhof Gundelfingen,48.045775,7.867731,Pokestop
Wegkreuz Z√§hringen Oberdorf,48.016599,7.8653,Pokestop
Frosch Kinderklinik,48.003409,7.843476,Pokestop
Biologische Untersuchungsstation,47.980208,7.911503,Pokestop
Caf√© Velo,47.996594,7.839558,Pokestop
White Dragon,48.01118,7.810919,Pokestop
Big Boulder,47.996283,7.873394,Pokestop
Rutschenturm,48.004467,7.818518,Pokestop
Kirche Betzenhausen,48.009631,7.808021,Pokestop
Matth√§uskirche - Jugendtreff,48.008956,7.813979,Pokestop
Kletterger√ºst Oktagon,48.007113,7.812409,Pokestop
Maximilian Dortu's Crypt,47.985846,7.857125,Pokestop
St. Barbara Church,47.980125,7.897548,Pokestop
Wasch und Backhaus,48.022767,7.860631,Pokestop
Trophy at Night,48.01167,7.841475,Pokestop
Broken Arm Statue,48.008558,7.83998,Pokestop
Stadtrat Karl Walterspiel,47.96618,7.836113,Pokestop
Der Merkur,47.987973,7.898235,Pokestop
Goldmarie,48.008677,7.846826,Pokestop
Waschanlagenkirche,48.018699,7.842661,Pokestop
Fabrik Sonntag,48.097844,7.967188,Pokestop
Der Mars,47.988603,7.897108,Pokestop
Fische sind Freunde,47.995222,7.843665,Pokestop
Lux Aeterna,48.007404,7.871225,Pokestop
Mach Mal Pause,48.027549,7.845635,Pokestop
Waldkirch Burgh√ºtte,48.097935,7.957417,Pokestop
Narrenbrunnen,48.093345,7.960878,Pokestop
Berufliches Schulzentrum,47.999781,7.826043,Pokestop
"Graffiti ""Sport""",47.996812,7.843383,Pokestop
Brunnen bei Nacht,47.996815,7.856622,Pokestop
Loretto Brunnen,47.984444,7.847777,Pokestop
Die Venus,47.988198,7.897871,Pokestop
Spielplatz am EKZ,47.994938,7.810651,Pokestop
Matsuyama,47.996373,7.849397,Pokestop
Kinderhaus Fang Die Maus,48.004257,7.816031,Pokestop
Angler Am Rabenturm,48.093876,7.959391,Pokestop
Kopf√ºber,48.085857,7.958177,Pokestop
Weird Metal Thingamagiggy,48.028976,7.807676,Pokestop
Schachmatt,48.004886,7.809802,Pokestop
Jugendtreff,48.067858,7.894823,Pokestop
Der Kran,47.980383,7.902789,Pokestop
Alien Ice Cream,47.998164,7.849284,Pokestop
Die drei Sch√∂nen,47.974767,7.908968,Pokestop
Rechtmediziner,48.000749,7.851324,Pokestop
Krozinger Stra√üe,47.992861,7.810141,Pokestop
Leichtathletik,48.071388,7.897996,Pokestop
Eule,48.009201,7.803553,Pokestop
Drehscheibe,47.993427,7.810877,Pokestop
Kultur und B√ºrgerhaus,48.068206,7.897965,Pokestop
Grafitti am Service Center Studium,47.994788,7.844112,Pokestop
Gedenktafel,47.981159,7.899721,Pokestop
Dank den Schweizern,47.984925,7.854106,Pokestop
Graffiti Heads,48.069742,7.89612,Pokestop
Stadtkapelle,48.093286,7.960232,Pokestop
Weingarten Mosaik,47.99452,7.810071,Pokestop
Statue Alexander Ecker,48.000941,7.850436,Pokestop
Scheffelhof,48.094336,7.96506,Pokestop
Steinman Mit M√ºtze,47.991697,7.880158,Pokestop
Europa Wir Kommen,47.987688,7.873265,Pokestop
Pyramide,47.995289,7.81054,Pokestop
Holzeule 1,48.072607,7.893046,Pokestop
Freiburger Wasserweg,47.982515,7.904379,Pokestop
Heimat,47.998239,7.848161,Pokestop
Beachvolleyball,48.071417,7.897231,Pokestop
Gewaltopfer Baum,47.9961,7.846522,Pokestop
Kirche der Paul-Gerhardt-Gemeinde,48.107489,7.97654,Pokestop
Kriegsopfer-Gedenkstein,48.074808,7.893166,Pokestop
Brunnen an der Sparkasse,48.094061,7.963002,Pokestop
Orgelfabrik Xaver Bruder,48.091024,7.964873,Pokestop
Denzlingen St. Jakobus Kirche,48.070214,7.890756,Pokestop
D√§dalus-Skulptur,48.093736,7.970389,Pokestop
Kleiner Meyerhof,47.996289,7.847652,Pokestop
Waldkircher Friedhof,48.094674,7.972455,Pokestop
Schl√∂sslescheune von 1614,48.091314,7.965717,Pokestop
Ebnet Schl√∂ssle,47.987484,7.901901,Pokestop
Nathan Block Stolperstein,47.9942,7.843178,Pokestop
Platz der Wei√üen Rose,47.994306,7.846806,Pokestop
Ufo In Waldkirch,48.088683,7.944578,Pokestop
Station Drechseln,48.066021,7.8532,Pokestop
Suggentalerweg,48.068293,7.913283,Pokestop
KGII Concrete Structure,47.997158,7.844247,Pokestop
Freiburg Hauptbahnhof,47.997595,7.842275,Pokestop
Rupert-Fischer-Brunnen,48.00496,7.87346,Pokestop
Antike Vase,47.998211,7.843328,Pokestop
Naturerlebnispark Waldkirch,48.087315,7.951912,Pokestop
Der Anker,48.000783,7.845103,Pokestop
Steinfigur,48.071247,7.899848,Pokestop
Vereinte Nationen,47.989863,7.872497,Pokestop
Stolpersteine,47.998363,7.844539,Pokestop
Alte Schmiede,48.065772,7.852636,Pokestop
Kreisel Konzerthaus,47.995863,7.841659,Pokestop
Nerthus-Kult,48.065523,7.852948,Pokestop
Freiburg Im Breisgau,47.99579,7.842209,Pokestop
Spinning Top,47.99538,7.841128,Pokestop
Post Mann,48.000312,7.8131,Pokestop
Kreuz von Batzenh√§usle,48.086363,7.93039,Pokestop
Spielplatz im Heidach,48.068433,7.905703,Pokestop
Schlangenrutsche,48.001312,7.806456,Pokestop
Kunst Am Platz,47.99755,7.859092,Pokestop
Energytails Fountain,47.992089,7.872052,Pokestop
Minigolf Denzlingen,48.073496,7.903337,Pokestop
Spielplatz Erfurter Stra√üe,48.072079,7.901286,Pokestop
Mensatotempfahl,48.002449,7.849214,Pokestop
Intercity Hotel Skulptur,47.997105,7.841821,Pokestop
Commerzbank Freiburg,47.99858,7.843627,Pokestop
Kristallographie,48.002677,7.850305,Pokestop
Spechtpassage,47.99451,7.841235,Pokestop
Stolpersteine Abraham und Grumbacher,47.997417,7.843671,Pokestop
Kneippanlage,48.094076,7.981475,Pokestop
G.v. Hevesy Stolperstein,48.001365,7.847575,Pokestop
St√ºhlinger 1885-1985,47.996462,7.838728,Pokestop
Blechbl√§ser Bei Nacht,48.067235,7.882812,Pokestop
,47.982433,7.854521,Pokestop
Rusty Needle,48.002646,7.848147,Pokestop
Clubheim VFR V√∂rstetten,48.060807,7.844172,Pokestop
Kunst am Bach,47.992413,7.84108,Pokestop
Gasthaus Hirschen,48.064778,7.891934,Pokestop
Trimmdichpfad Reckstangen,47.981651,7.857554,Pokestop
Spielplatz Gr√ºnmattenstra√üe,48.069719,7.907664,Pokestop
Denzlinger Wappen,48.067738,7.895325,Pokestop
Jazzhaus,47.994903,7.840449,Pokestop
Biene Maya Kolonien,47.989444,7.903644,Pokestop
Brunnen Altenheim,48.071187,7.90335,Pokestop
√úbersicht Umgebung,47.985547,7.903156,Pokestop
Birdie,48.06895,7.882363,Pokestop
Festung Freiburger Schlossberg - Der Kommandantengarten,47.996811,7.864973,Pokestop
Kepler,48.002909,7.856811,Pokestop
Grenzstein Ebnet 1790,47.986708,7.904471,Pokestop
Spielplatz,47.984789,7.851332,Pokestop
Bahnhof Gundelfingen,48.043997,7.874269,Pokestop
Fl√∂tist Stadtgarten,47.997355,7.857937,Pokestop
Postbank,48.067354,7.885546,Pokestop
Karlstr Cross,48.001352,7.856594,Pokestop
Rudolf Schilling Brunnen,47.984938,7.849872,Pokestop
Ishibashi Ishiguro,47.997019,7.858699,Pokestop
Gundelfingen,48.035293,7.863748,Pokestop
B√ºcherzelle Denzlingen,48.066994,7.883231,Pokestop
M√ºhlenstein,48.066304,7.885837,Pokestop
Kapelle Im Alten Friedhof,48.000926,7.857031,Pokestop
Stahl und Stein,47.992141,7.86878,Pokestop
Ein Vogel Im Wald,47.989292,7.902333,Pokestop
Gasthaus zum Gruenen Baum,48.067485,7.881631,Pokestop
Trimmdichpfad Hangelleiter,47.980789,7.856051,Pokestop
roccafe,48.066445,7.884025,Pokestop
Pavilion Tausendf√ºhler,47.98804,7.813166,Pokestop
Jugendtreff Br√ºhl-Beurbarung Graffito,48.005096,7.844057,Pokestop
B√ÑKO S√ºdbaden,47.985632,7.805837,Pokestop
Renaissance,48.008481,7.843162,Pokestop
 Blue Marlin,47.985995,7.81174,Pokestop
Wooden Men Sculpture,48.005604,7.851845,Pokestop
XIIII  Leichnam ins Grab,47.981216,7.837763,Pokestop
Power Murale,48.004135,7.852146,Pokestop
Hidden Lady Mary,48.008112,7.844157,Pokestop
I. Jesus wird verurteilt,47.981665,7.838852,Pokestop
The Bird and the Cloud Sky,48.008331,7.842156,Pokestop
Heckenkunst,47.981691,7.892677,Pokestop
Blonde Lady,48.000319,7.839973,Pokestop
L√∂wen Pavilion,48.007976,7.843316,Pokestop
Jesus Christus,47.981465,7.838618,Pokestop
"Gedenkkreuz ""Wort des Trostes""",48.012094,7.809712,Pokestop
Spielplatz Kampffmeyerstrasse,47.988687,7.811792,Pokestop
Frauenstatue Berg√§cker,47.982338,7.887384,Pokestop
Monolith Old Cemetery,47.981656,7.788399,Pokestop
Steinofen,47.974764,7.823236,Pokestop
Man with Pig,48.005719,7.853053,Pokestop
R√∂hrenkunst,47.991858,7.861943,Pokestop
Ritter Martin Malterer,48.098057,7.956688,Pokestop
Pyramiden-Seil-Spielplatz,48.029741,7.861107,Pokestop
Kath.Kindergarten Maria Hilf,47.987592,7.86667,Pokestop
Apostel Statue,48.008696,7.846178,Pokestop
Ball Sport Halle,48.072047,7.896907,Pokestop
Eichenlaub Mosaik,47.997018,7.842498,Pokestop
Kunstsitz,47.995964,7.847161,Pokestop
Caritas,48.012319,7.805805,Pokestop
Windrad-Steckdose,48.001104,7.842367,Pokestop
Nie wieder Krieg,48.000756,7.842487,Pokestop
Stolpersteine,47.999624,7.836982,Pokestop
Uhrturm Littenweiler,47.981753,7.894316,Pokestop
Terassengarten Loretto Krankenhaus,47.982234,7.840305,Pokestop
Denkender Engel,48.008142,7.845498,Pokestop
Chromosomen,47.980678,7.892605,Pokestop
Gundelfingen Endhaltestelle,48.034651,7.863393,Pokestop
Freibourg,48.008835,7.844851,Pokestop
Vogelbad Uniklinik,48.00529,7.839876,Pokestop
Kepler Basketball Planet,48.001304,7.793669,Pokestop
Synchron Spirals,48.005013,7.841443,Pokestop
Mysteri√∂se Musik-Statuen,47.98888,7.872584,Pokestop
Pavillon Waldsee,47.982583,7.876431,Pokestop
Hidden Fountain,48.008764,7.841009,Pokestop
Pflug,48.011756,7.808066,Pokestop
Mosaik,48.007161,7.835691,Pokestop
Kinderstatue,48.004321,7.843176,Pokestop
Shake Plates,48.003598,7.842993,Pokestop
Bruckwaldweiher,48.093658,7.983436,Pokestop
Ritter Hermann von Sulz,48.096337,7.956721,Pokestop
Lehen Ortseingang,48.01335,7.807324,Pokestop
Weisse Knubbel,48.005198,7.842644,Pokestop
Wasserspender,48.008942,7.839728,Pokestop
Graffiti (Tunnel),48.012202,7.807792,Pokestop
Ebneter Schlosssteg,47.983816,7.902963,Pokestop
Moin Blocks,47.974301,7.829809,Pokestop
Stonehenge,48.012167,7.811611,Pokestop
St. Carolus Waldkirch,48.091519,7.946459,Pokestop
Ritter Martin Malterer,48.096242,7.957476,Pokestop
Altes Rathaus Littenweiler,47.97931,7.895824,Pokestop
Breite Rutsche,47.974224,7.814846,Pokestop
Vogel Im Zoo,48.085608,7.959514,Pokestop
Waldpavillion,47.984712,7.873025,Pokestop
Kapelle der Uniklinik,48.006557,7.838137,Pokestop
Iron Jesus,48.007812,7.841089,Pokestop
H√∂hlenmalerei,47.976909,7.814761,Pokestop
Frosch K√∂nig,47.981212,7.889596,Pokestop
Der Boden Lebt,48.085409,7.958405,Pokestop
"Kreuz ""Gemeinde Littenweiler"" ",47.980632,7.897742,Pokestop
Stromverteiler,48.044366,7.87421,Pokestop
Mauerreste,47.993696,7.861072,Pokestop
Rooftop,48.000329,7.828066,Pokestop
Centuries Old Foundation Stone,48.022805,7.864712,Pokestop
Soccer And BBQ,48.009158,7.835468,Pokestop
Gedenkstein,47.999987,7.829334,Pokestop
Kletterger√ºst Waltersbergweg,48.006723,7.870407,Pokestop
Storchenpaar,48.004957,7.836192,Pokestop
Metropolis,48.003175,7.834454,Pokestop
Riesen Eist√ºte,48.005722,7.82728,Pokestop
Ziehharmonika Relief,47.994218,7.828705,Pokestop
Stromkasten,47.987691,7.868824,Pokestop
Zitronenpresse,48.005698,7.820533,Pokestop
Lehen Erstes Kreuz,48.019588,7.801909,Pokestop
Kreative Energie,48.040113,7.859775,Pokestop
Brunnen im EKZ Landwasser,48.023701,7.809955,Pokestop
Roter Otto,48.024719,7.810643,Pokestop
Kunstwerk am Universit√§ts-Notfallzentrum,48.007975,7.838172,Pokestop
Freiburger Rabe,47.988755,7.868704,Pokestop
Wappen 1889,48.008861,7.831575,Pokestop
St. Petrus Church,48.023263,7.808208,Pokestop
Solare Energiesysteme,48.008672,7.83437,Pokestop
Baum des Jahres 2011,47.998704,7.82904,Pokestop
Studentenwohnheim Berliner Allee,48.003322,7.820544,Pokestop
Marktplatz-Brunnen - Waldkirch,48.093481,7.961466,Pokestop
Kloster der Herz-Jesu-Priester,48.010846,7.85795,Pokestop
Springbrunnen,48.007504,7.830964,Pokestop
Planetarium Freiburg,47.999188,7.843148,Pokestop
Stone Nut,48.045769,7.869358,Pokestop
Holbeinplatz,47.981445,7.845121,Pokestop
Stepping Stones,47.973686,7.828384,Pokestop
Das Auge,48.006996,7.835686,Pokestop
Energy Tower Gundelfingen,48.046016,7.874431,Pokestop
Ger√ºst,47.988044,7.867338,Pokestop
Fiddlesticks Grafitti Wall,48.006441,7.820398,Pokestop
Edelsteinschleiferei,48.096236,7.963233,Pokestop
Kreuzigung Eschholzstra√üe,47.995983,7.834167,Pokestop
Homestar Runner,47.997592,7.828333,Pokestop
Bundschuh,48.017122,7.802287,Pokestop
Statue St√ºhlingerpark,47.996723,7.837902,Pokestop
Sch√ºtzen,47.988088,7.865956,Pokestop
Lehen St. Cyriak Kirche,48.017492,7.801861,Pokestop
Entenbad Haslach,47.989657,7.823252,Pokestop
Graffiti,47.997419,7.836576,Pokestop
H√∂lzerne B√§ume Tor,48.004736,7.828713,Pokestop
Stolpersteine C.  und L. Judas,47.989549,7.866588,Pokestop
Markstein Lehen,48.017402,7.803796,Pokestop
Kruzifix Stadtstrasse,48.00477,7.863389,Pokestop
Steinkringel,47.987951,7.865073,Pokestop
Graffiti Runzmattenweg,48.002393,7.825683,Pokestop
Jesuskreuz,48.095698,7.961448,Pokestop
Bartmann,47.998718,7.83107,Pokestop
Christliche Missionsgemeinde,48.01917,7.852971,Pokestop
Brunnen St.Urban,48.005604,7.86717,Pokestop
Lyc√©e Turenne,47.987434,7.866333,Pokestop
Wasserhahn Eschholzpark,47.9997,7.830456,Pokestop
Brunnenversiegelung,48.025397,7.804037,Pokestop
Minispielplatz Haslacher Strasse,47.99619,7.824346,Pokestop
Altes Depot,48.000977,7.867378,Pokestop
Artistic Box,47.99695,7.836292,Pokestop
Construction Site Art,48.000003,7.832486,Pokestop
Phyllobates terribilis,48.043901,7.877997,Pokestop
Gehlert-Brunnen,48.029057,7.84395,Pokestop
Haslacher Str,47.995641,7.824799,Pokestop
Mundenhof,48.008939,7.781608,Pokestop
Skater Park,47.995836,7.78475,Pokestop
Herderner Rammbock,48.00333,7.861962,Pokestop
Des Nahen Waldes Reine Quelle,47.987859,7.863784,Pokestop
The Frog,48.023977,7.809148,Arena
Thai Chi Buddha,47.996758,7.844517,Pokestop
Weststadion Freiburg,48.00703,7.825502,Pokestop
Skulptur am Rosengarten,48.007611,7.824036,Pokestop
Hotel Parking,47.986951,7.838928,Pokestop
Uni Radio,48.014015,7.831736,Pokestop
Gazebo West,48.006519,7.823463,Pokestop
The Eagle,48.003876,7.853516,Pokestop
Ein Rotes Kreutz,48.024069,7.794856,Pokestop
HKDM,47.992825,7.832372,Pokestop
Uni Logo XXL,48.012724,7.835477,Pokestop
Tischtennis An der Tf,48.01481,7.831238,Pokestop
Adler 1913,48.012858,7.833983,Pokestop
Freiburg: Iron Portal,48.005016,7.854963,Pokestop
Artsy House,48.008657,7.863259,Pokestop
Eugen Martin Anlage,48.006716,7.824081,Pokestop
Ohrmuscheln,47.993115,7.832663,Pokestop
Holzkreuz aus Stein,48.000994,7.858433,Pokestop
Festung Freiburger Schlossberg - Das Obere Schloss,47.996562,7.866182,Pokestop
Naturschutzgebiet Rieselfeld 01,47.998188,7.784389,Pokestop
Goldenen Hirsch,48.015481,7.802036,Pokestop
Apotheken Street Art,47.997177,7.84992,Pokestop
Kultur- und B√ºrgerhaus Denzlingen,48.068567,7.898108,Pokestop
Zelt Musik Festival,48.008385,7.780259,Pokestop
Swirl Portal Fabrik,48.010941,7.855865,Pokestop
Waser Piramid,48.007698,7.823779,Pokestop
Jaeger Brunnen,47.971354,7.852956,Pokestop
Rail man,48.014754,7.845807,Pokestop
Erhaltenswertes Grabmal,48.007897,7.845242,Pokestop
Schn√ºrsenkel,47.989991,7.841731,Pokestop
Weltkugel,47.998473,7.858336,Pokestop
Lalli-Brunnen,48.00768,7.863428,Pokestop
Brunnen am Erlenweg,47.992767,7.831345,Pokestop
Man and Duck,48.005403,7.853027,Pokestop
Rumpelhausen,47.99389,7.8362,Pokestop
Gr√ºnhof,47.99413,7.839893,Pokestop
Menschenkreuz,47.982328,7.888611,Pokestop
Trotte St. Schorsch,47.979809,7.794673,Pokestop
Zur Ehre Gottes,47.980874,7.883157,Pokestop
Spiderweb House,47.997023,7.819184,Pokestop
Tree of Life,48.009884,7.839064,Pokestop
Namenlose Dame,48.010234,7.839715,Pokestop
Bhf. St. Georgen,47.97569,7.802795,Pokestop
Mund üëÑ Zu,48.002624,7.859799,Pokestop
Internet Explorer,48.008267,7.871881,Pokestop
Waldorf Brunnen,47.974087,7.801215,Pokestop
Baumhaus,48.011071,7.841748,Pokestop
Jesu Kreuz Andreas,47.979105,7.808623,Pokestop
K√∂nigliches Entree,47.994386,7.850206,Pokestop
Mais Man,48.01348,7.83927,Pokestop
Eingangsw√§chter L√∂wen OBV,48.025702,7.847411,Pokestop
,48.00467,7.860334,Pokestop
Engel Nero ,48.010734,7.840106,Pokestop
Skulpurenkreis,47.97472,7.801884,Pokestop
Ev. Ludwigskirche Freiburg-Herdern,48.002167,7.85906,Pokestop
Grabmal des steinernen Baums,48.010321,7.839993,Pokestop
Deutsche BANK,47.99049,7.848384,Pokestop
Z√§hringer Kreuz,47.984834,7.848152,Pokestop
Mundenhof Jurte,48.016146,7.777756,Pokestop
Riesenerdbeere,48.021758,7.839802,Pokestop
Captured Sphaere,48.010312,7.841415,Pokestop
Stephanusbrunnen,47.981106,7.881348,Pokestop
Ritter Martin Malterer,48.098924,7.957468,Pokestop
Fat Statue,48.004365,7.857326,Pokestop
S√§gem√§nnchen,47.978626,7.886146,Pokestop
DAV Kletterhalle,47.981102,7.818523,Pokestop
Drehdingens,47.996445,7.817514,Pokestop
Stone Samples,47.982908,7.805195,Pokestop
Pl√§tscherbrunnenportal,47.984565,7.840844,Pokestop
Freibourg,48.000311,7.858467,Pokestop
Deicheleweiher oder St. Valentin,47.980148,7.856391,Pokestop
Waldhaus Freiburg,47.972812,7.841885,Pokestop
Tierversammlung f√ºr die Hauptstrasse,48.007816,7.85962,Pokestop
Soldiers Sculpture,48.00578,7.850555,Pokestop
Blindenheim,48.007066,7.857566,Pokestop
,47.970138,7.83941,Pokestop
Sandbrunnen,48.014085,7.816545,Pokestop
Betzenhausener Wappen,48.011429,7.809341,Pokestop
Gedenkbrunnen,48.017047,7.801359,Pokestop
Best Beer in Town,47.979226,7.819406,Pokestop
Nepomuk,47.977177,7.798019,Pokestop
Kreuz,47.993387,7.799036,Pokestop
Red Street Art,47.994962,7.811718,Pokestop
freiburg: griffin,47.993335,7.857466,Pokestop
Gedenkstein,47.97071,7.852224,Pokestop
Kleiner Brunnen am M√ºller,48.006462,7.846358,Pokestop
Echsenbrunnen,47.989558,7.857401,Arena
Dreisam Badehose,47.992294,7.837317,Pokestop
Kletterwald,47.997243,7.780742,Pokestop
Gundelfingen Bell Tower,48.038423,7.868675,Pokestop
Evangelische Kirche G√ºnterstal,47.96594,7.85695,Pokestop
Stadthalle Freiburg,47.986879,7.872724,Pokestop
Wegstein Eselsbackenweg,47.980813,7.85814,Pokestop
Steineule,47.983131,7.887281,Pokestop
Wei√üer Drache,48.011294,7.810672,Pokestop
Monument aux morts  Freibourg,48.009245,7.841794,Pokestop
Herdern Bahnhof,48.008491,7.851207,Pokestop
Madeira-Fr√∂sche,48.023464,7.853875,Pokestop
Kampf der Liebenden,48.006636,7.844233,Pokestop
Kreuz Ebnet 2,47.98599,7.907836,Pokestop
Segelschiff,47.987812,7.87544,Pokestop
100 Jahre Gedenkstein Turnverein Waldkirch,48.089493,7.957989,Pokestop
Stiftkreuz,47.97829,7.803785,Pokestop
Dreisamhalle Ebnet,47.984577,7.903754,Pokestop
Jesus Sculpture In The Park,48.006733,7.858776,Pokestop
Kirche St.  Georgen,47.981392,7.79354,Pokestop
Copper cross,47.965494,7.83352,Pokestop
Der Millenium,48.022625,7.827239,Pokestop
Bunte Kinder,48.01607,7.803992,Pokestop
St. Anna Kapelle,47.984776,7.911986,Pokestop
Agentur f√ºr Arbeit,48.002941,7.831666,Pokestop
Wetzstein 1973,48.095416,7.961398,Pokestop
Wegweiser J√§germattenweg,47.981035,7.863434,Pokestop
M√ºnsterspitze G√ºnterstal,47.962088,7.861815,Pokestop
R√∂hrenkunst,48.064353,7.879577,Pokestop
Jesus wacht √ºber den Wein,47.972622,7.805551,Pokestop
Maria und der Drache,47.987634,7.863947,Pokestop
Kunstraum Heiliggeiststrasse,48.00447,7.842485,Pokestop
Bunte Wasserrutsche,47.993238,7.813152,Pokestop
Spielplatz am Heimatweg,48.070754,7.902768,Pokestop
Big Table,47.979914,7.821559,Pokestop
evangelisch-lutherische Kirche,48.000652,7.858593,Pokestop
Engel mit Kranz,48.001366,7.858644,Pokestop
Fountain,47.965773,7.855637,Pokestop
Glashaus,47.999345,7.79216,Pokestop
Metal Duck,48.037979,7.812036,Pokestop
Storchennest mit L√ºfter,48.014819,7.780588,Pokestop
Gedenkstein WW2 √ºber Herdern,48.010093,7.873154,Pokestop
Parallel Stone Lines,48.04116,7.871651,Pokestop
Wegweiser J√§germattenweg II,47.980965,7.85916,Pokestop
Font√§ne,47.989741,7.904914,Pokestop
Heinz Ritter- Halle,48.06187,7.842762,Pokestop
Waldgeist,47.97116,7.913204,Pokestop
MC Black Rider Vereinsheim,48.081465,7.944825,Pokestop
Energies√§ule,47.994377,7.811359,Pokestop
Brunnen,47.997244,7.847833,Pokestop
Kletterpark Waldkirch,48.088687,7.958693,Pokestop
Mother and Son,48.01316,7.812516,Pokestop
Drachennest,47.981165,7.85474,Pokestop
Schmitz Katze,47.992289,7.832367,Pokestop
Jesus und Maria,48.104564,7.972679,Pokestop
Gedenkkreuz Bruggastra√üe,47.985645,7.906257,Pokestop
Long Slide,47.995424,7.811809,Pokestop
Kornkreis,47.990767,7.848453,Pokestop
Quercus robur Stieleiche,47.968875,7.854033,Pokestop
Gebeugter Mann,48.000876,7.833058,Pokestop
Hotdog,48.000853,7.813744,Pokestop
Erbaut 1900,47.990344,7.850153,Pokestop
Hegar Haus,47.991645,7.844335,Pokestop
Alban Stolz,47.995152,7.8543,Pokestop
Rundes Wohnhaus,47.994384,7.835286,Pokestop
Futschikato,47.995387,7.844636,Pokestop
Mosaikschlange,48.097072,7.974736,Pokestop
Str√§flingskugel,48.000668,7.793864,Pokestop
Brunnen Wilhelm Ecke Moltke,47.993217,7.84284,Pokestop
Post Jahn 2,47.989416,7.890127,Pokestop
Scuba Diver,47.995187,7.840964,Pokestop
Schwarzwaldm√§del,47.989548,7.847529,Pokestop
House of Dwarfs,47.980805,7.833876,Pokestop
Die Hand,48.004853,7.823208,Pokestop
Haus Zur Heiligen Barbara,47.983685,7.894521,Pokestop
Passion,48.02429,7.81589,Pokestop
Wand Relief Aok,47.998946,7.847563,Pokestop
Pavillon,47.995957,7.783479,Pokestop
Abdruck,48.012116,7.813499,Pokestop
Riesen Rettungsring,48.007403,7.838655,Pokestop
Morlock Luftschacht,47.999812,7.856675,Pokestop
Fels im Stadtgarten,47.997988,7.856749,Pokestop
H√§nsel Und Gretel,47.998236,7.783691,Pokestop
V√∂rstetten L√∂wen,48.065186,7.849418,Pokestop
Wein Und Geschichte,47.973859,7.793146,Pokestop
Gr√ºnspecht,48.04013,7.817344,Pokestop
Breisacher Tor,47.992341,7.848052,Pokestop
Eisen Engler,47.982249,7.801343,Pokestop
Steindrache,47.997615,7.79691,Pokestop
Warnwolkens√§ule Staudinger S√ºd,47.990763,7.823909,Pokestop
Mach Es Wie Die Sonnenuhr...,47.980129,7.78982,Pokestop
Zunfthaus der Narren,47.996547,7.848488,Pokestop
Weingut Bernhard Sch√§tzle,48.015954,7.801818,Pokestop
Steinschnecke im Seepark,48.011414,7.81891,Pokestop
Neuapostolische Kirche,47.994366,7.812835,Pokestop
Kinder und Jugendtreff Haslach,47.990611,7.823685,Pokestop
Rotteck,47.995047,7.84642,Pokestop
TC Freiburg,47.989532,7.883618,Pokestop
Ritter zur Kastelburg,48.097693,7.954265,Pokestop
Herzst√ºck,48.011638,7.807035,Pokestop
Stoned Water Source,47.982622,7.857594,Pokestop
Brunnen St√§dtepartnerschaft,48.093997,7.957876,Pokestop
Bewachsener M√ºhlstein,48.070163,7.8725,Pokestop
Eisstadion,48.009025,7.826883,Pokestop
Frauenskulptur: Dreifach ist der Schritt der Zeit (Schiller),47.997318,7.857049,Pokestop
Badenova Hase,47.986351,7.802762,Pokestop
Two Camels,48.008609,7.781614,Pokestop
Graffiti am Westbad,48.010885,7.823458,Pokestop
Gedenkstein TV St. Georgen,47.972109,7.810069,Pokestop
Weinkreuz,47.974508,7.796095,Pokestop
60. Geburtstag,48.066468,7.881649,Pokestop
Freiburg Golden Statue,47.995559,7.85173,Pokestop
Blaue Giraffe,48.013952,7.825402,Pokestop
Bordello Kulturgut,48.030826,7.843153,Pokestop
Goldener Stiefel,47.990814,7.818478,Pokestop
Badenova Springbrunnen,48.028249,7.846025,Pokestop
Evangelische Pfarrgemeinde Ost,47.989391,7.874512,Pokestop
Aliens√§ule,47.985087,7.852776,Pokestop
Nordtrib√ºne Freiburg,47.989366,7.893636,Pokestop
Lautloser J√§ger Der Nacht,47.988657,7.851117,Pokestop
Cubes Sculpture,47.981443,7.893425,Pokestop
Jupiter,47.990154,7.89273,Pokestop
Playground G√ºnterstal,47.968131,7.853047,Pokestop
Engelstrasse,47.996473,7.852825,Pokestop
Gedenkstein Haslach Scherrer Platz,47.990606,7.819985,Pokestop
Gedenkkreuz des Friedens,48.012486,7.81645,Pokestop
Hernsteiner & Gyrsie,47.993441,7.852666,Pokestop
Doppelherz,47.973631,7.820224,Pokestop
Freiburg: Sculpture at Schlossberg Parking,47.994098,7.855688,Pokestop
Bienenhaus,48.010048,7.782252,Pokestop
H√∂lzerner Hexenreiter,48.010692,7.779287,Pokestop
Kleiner Brunnen,48.000599,7.857519,Pokestop
Stahlkunstwerk J√§gerh√§usle,48.008741,7.871807,Pokestop
Stairway to Heaven,48.00145,7.791667,Pokestop
Wegweiser Trimmdichpfad,47.980426,7.855463,Pokestop
Pinguine,48.071114,7.891603,Pokestop
2000 Meter,47.981702,7.857034,Pokestop
Kreuz,47.995207,7.809693,Pokestop
Storchenturm Denzlingen,48.06926,7.87576,Pokestop
H√§ringerkreuz,48.098439,7.980998,Pokestop
Fr-Wiehre Neuapostolische Kirche,47.986161,7.86367,Pokestop
Kreuz,47.992695,7.850593,Pokestop
Himbeers√§ule,47.995144,7.812606,Pokestop
Badenova-Graffiti,48.024177,7.85514,Pokestop
Pizzeria DAL BLU,47.992689,7.788979,Pokestop
Halfpipe,48.032275,7.803769,Pokestop
Schneckenreiterbrunnen,47.997237,7.846585,Pokestop
Albertus Burse,47.999006,7.840147,Pokestop
Good Old Machine,48.039859,7.809004,Pokestop
FT Denkmal,47.988777,7.884972,Pokestop
Stolpersteine Familie Veit,47.993666,7.848592,Pokestop
Erdrutsche,47.996812,7.793336,Pokestop
Rocket,47.990851,7.837593,Pokestop
Holzkopf,47.972901,7.843058,Pokestop
Red Metal Art,47.992107,7.857966,Pokestop
Sitzender Mann,47.995321,7.853949,Pokestop
Br√ºckenkopf,47.996997,7.838719,Pokestop
Badenovah√§uschen 2,47.987811,7.827452,Pokestop
French Army Decoration,48.013169,7.833167,Pokestop
Technische Fakult√§t Geb. 52,48.014136,7.833949,Pokestop
Dead Forest,48.010934,7.854811,Pokestop
Institut f√ºr Psychologie,47.997178,7.833666,Pokestop
Holzstiere,47.991229,7.893602,Pokestop
Neuapostolische Kirche,48.066167,7.901543,Pokestop
Die gro√üe Holzeule,47.997706,7.777518,Pokestop
Wegkreuz Wildtal,48.03048,7.867669,Pokestop
Redwood,47.967459,7.837617,Pokestop
Wigwam,47.976128,7.817982,Pokestop
Eiger Nord Kletterhalle,48.028144,7.854534,Pokestop
Chang Thai,47.994006,7.851396,Pokestop
Die Grille,47.99874,7.83029,Pokestop
Spielplatz,47.992395,7.805106,Pokestop
Kinder Galaxy,47.982595,7.810257,Pokestop
Brunnen Merianstrasse,47.99748,7.849569,Pokestop
St√§hlerner Albatross,48.001341,7.823366,Pokestop
Mrzh. Dorfmitte Fontana,47.965552,7.827419,Arena
Eselreiterin,48.010827,7.826015,Pokestop
Museum f√ºr Neue Kunst,47.992497,7.852349,Pokestop
Festung Schlo√überg,47.993336,7.856167,Pokestop
Copy Cat,47.980684,7.89672,Pokestop
Kastaniengarten,47.992819,7.855681,Pokestop
Gedenkstein Talstra√üe,47.988918,7.852383,Pokestop
Forsthaus Seepark,48.009972,7.81673,Pokestop
Terrassenbrunnen Mundenhof,48.015228,7.777428,Pokestop
Kreuz Dietenbachsee,48.000243,7.801922,Pokestop
Cemetary South Gate,48.005686,7.843191,Pokestop
Freiburg Flower Fountain,48.000562,7.846078,Pokestop
Kindergarten St. Blasius,48.022082,7.86222,Pokestop
Hobbithaus,48.011858,7.82092,Pokestop
Upside Down Bear,47.978545,7.830251,Pokestop
Festung Freiburger Schlossberg,47.993681,7.8622,Pokestop
Weingarten Markt,47.994225,7.810125,Pokestop
Weinfass,48.068695,7.876299,Pokestop
Pagode am Mundenhof,48.011028,7.779911,Pokestop
Brunnen Mauracher Berg,48.070465,7.887567,Pokestop
Leo Bloch - Kurt & Carla Lindemann Stolpersteine,47.997049,7.834516,Pokestop
B√§ckerei B√ºhler,47.986898,7.850582,Pokestop
Weisser Kopf Stadtgarten,47.998481,7.857003,Pokestop
G√§steeingang,47.988138,7.893205,Pokestop
Conni Statue,47.983522,7.797318,Pokestop
Noch Ein Kreuz,47.973997,7.794038,Pokestop
Denkmal 1. Weltkrieg,48.103374,7.972191,Pokestop
Stoned Lambda,47.999018,7.838406,Pokestop
Sonnenuhr,47.97872,7.81101,Pokestop
Waldbrunnen,47.971219,7.84,Pokestop
Man With Arm,47.979171,7.827973,Pokestop
Old Church Remnants,48.002345,7.858512,Pokestop
S√§ule der Toleranz  Freiburg,47.993614,7.852116,Pokestop
Freiburg ¬∑ Colombischl√∂ssle ¬¶,47.997749,7.846241,Pokestop
C.A.Hoffmann,47.992895,7.861819,Pokestop
3 S√§ulen,47.980258,7.888919,Pokestop
Street Octopus,47.993002,7.846544,Pokestop
Am√∂be,47.976549,7.825817,Pokestop
Fuchs Eichh√∂rnchen und Wildschwein,48.019236,7.816811,Pokestop
1400,48.01166,7.818276,Pokestop
Drei Sitzende Aus Stein,47.981536,7.903324,Pokestop
Icecream Mariotti,47.989252,7.843076,Pokestop
Kirche Light,48.013136,7.821221,Pokestop
Eulenskulptur im Stadtgarten,47.997588,7.857315,Pokestop
Fraxinus Exelsior,47.969988,7.839202,Pokestop
Elementarstein der Wiehre,47.9846,7.849126,Pokestop
Tabak Graffiti,47.993829,7.840982,Pokestop
JE SUIS CHARLIE Freiburg,47.991069,7.855467,Pokestop
Grafitti-Wall,48.014966,7.816588,Pokestop
Insektenhotel,48.048474,7.877708,Pokestop
Taubenschlag im Seepark,48.012792,7.816642,Pokestop
Steckdosenmann,47.990612,7.845593,Pokestop
Freiburg Knights Ballpark - Homeplate,48.002337,7.807678,Pokestop
1000-Jahr-Feier Brunnen,48.069736,7.886868,Pokestop
Uhrentor,47.974571,7.827127,Pokestop
Schlossberg Historischer Rundgang,47.995391,7.863239,Pokestop
Botanischer Garten,48.008877,7.855532,Pokestop
Alter Brunnen in Freiburg,47.997836,7.843024,Pokestop
Heiliger Nepomuk am Marktplatz Waldkirch,48.092955,7.962452,Pokestop
Wurm Park,48.006683,7.837325,Pokestop
Omega Electronic,47.9982,7.835794,Pokestop
Kugel Am Klinik Casino,48.006799,7.834282,Pokestop
Ziegelhofbrunnen,48.089656,7.961556,Pokestop
Die 3 F√§sser,47.977991,7.791263,Pokestop
White Lions,48.011305,7.81123,Pokestop
Erkerkunst,47.995065,7.852724,Pokestop
Brezell√∂wen Freiburg,47.995078,7.842408,Pokestop
Elztalmuseum Waldkirch,48.09091,7.962491,Pokestop
Cork Screw,47.993175,7.84586,Pokestop
Frauenwerk,47.994708,7.856073,Pokestop
Aztec,47.995401,7.848581,Pokestop
Gedenkst√§tte,47.988462,7.904503,Pokestop
Herz-Jesu-Kirche,47.996897,7.837463,Pokestop
Freiburg: The Red Tower,47.994155,7.859298,Pokestop
Eulenbrunnen,48.002309,7.854294,Pokestop
Kaltenbach Kreuz,48.006457,7.841885,Pokestop
Messer und Gabel,48.009916,7.843858,Pokestop
Rau-Brunnen Kartoffelmarkt Freiburg,47.9968,7.851028,Pokestop
Bushaltestelle Siegesdenkmal,47.997955,7.8525,Pokestop
Nicht Die Nachtigall,48.00961,7.811496,Pokestop
Wiehre Ritter,47.981666,7.848055,Pokestop
Woher kommt das Trinkwasser,47.982366,7.905754,Pokestop
Kanaldeckel,47.993961,7.847281,Pokestop
Kastelburg Ruine Waldkirch,48.097226,7.957559,Pokestop
Gymnasium Tortur Platz,48.014176,7.823942,Pokestop
Berlinische Feuer-Versicherungs-Anstalt,47.999043,7.846873,Pokestop
Baumaschine aus dem Mittelalter,47.994257,7.852907,Pokestop
Ave Maria,48.009468,7.846388,Pokestop
Rutschenturm,48.002576,7.844275,Pokestop
Braunkohlewaldschautafel,47.973652,7.849002,Pokestop
Annaplatz Brunnen,47.98539,7.846117,Pokestop
Freiburger Mundenhof - Spendenaffe,48.015463,7.779123,Pokestop
Bertoldsbrunnen,47.994865,7.849817,Pokestop
Brunnen,47.990522,7.84996,Pokestop
Stolpersteine Neumark Und Meyer,47.991679,7.852201,Pokestop
Leuchtballon Am Hauptbahnhof,47.995658,7.838984,Pokestop
Die Welle,48.001083,7.832787,Pokestop
Alter G√ºterbahnhof,48.010754,7.848447,Pokestop
R2D2,47.995715,7.843792,Pokestop
Mosaik Muschel,48.009526,7.828959,Pokestop
Mondo,47.985408,7.838543,Pokestop
Den Fliegeropfern des Krieges,48.009047,7.843324,Pokestop
Volleyball-Platz am Wald3eck,47.995729,7.786461,Pokestop
Brunnen vor der Volksbank,48.067934,7.886754,Pokestop
Bierh√§usle,48.01516,7.802505,Pokestop
Bursengang,47.995623,7.84914,Pokestop
L.Jahn,47.989185,7.888986,Pokestop
Mutter&Kind Relief,47.993965,7.829452,Pokestop
Holzkl√§nge,48.087599,7.957003,Pokestop
Advent Kapelle,47.985318,7.849626,Pokestop
Salamanderstein,47.986944,7.865463,Pokestop
Skulptur An Der Katholischen Hochschule,48.003889,7.856966,Pokestop
Das Krokodil,47.99309,7.85295,Pokestop
Insektenhotel an Der Dreisam,47.990757,7.891812,Pokestop
Happy House,47.978594,7.803537,Pokestop
E - Werk,47.99414,7.833312,Pokestop
Respektlose V√∂gel :-),47.990778,7.854396,Pokestop
Rusty Cube in Freiburg,48.010833,7.848055,Pokestop
Steinstatue Frau,48.070915,7.899578,Pokestop
Steinstatue W√§scheklammer,48.070296,7.899122,Pokestop
Kraut und R√ºben im Eschholzpark,47.998619,7.828737,Pokestop
Skulptur am Dorfbrunnen,47.991533,7.815795,Pokestop
Sonnenuhr Alles Braucht Zeit,47.998684,7.858284,Pokestop
Kreuz,48.022304,7.801538,Pokestop
Finkenschlag,47.990684,7.813867,Pokestop
900 Years Ebnet,47.987026,7.897496,Pokestop
Aphrodite,47.993998,7.849224,Pokestop
J√§gerbrunnen,47.970978,7.851869,Pokestop
Kirche Herdern,48.006946,7.863863,Pokestop
Panorama,48.013889,7.81427,Pokestop
3 Etagen Brunnen,48.06793,7.893415,Pokestop
Pyramide Uniklinikum,48.006848,7.837195,Pokestop
Gedenkbrunnen Heitereweg,48.095611,7.955319,Pokestop
Welcome,47.993094,7.848005,Pokestop
Betzenhauser Torplatz,48.01092,7.811745,Pokestop
Purpur Tentakel,48.009001,7.814685,Pokestop
Kinderbrunnen,48.006173,7.840357,Pokestop
Alter Zuckerhut,47.994817,7.855315,Pokestop
M√ºlhauser St√ºble,48.012029,7.827192,Pokestop
Umgedrehtes Ei,48.01545,7.777648,Pokestop
Kunst Am Bach,47.992711,7.8401,Pokestop
Dschungel,47.981069,7.895431,Pokestop
Lehen Mosaik,48.013037,7.821698,Pokestop
Urknall,48.001564,7.850817,Pokestop
Riesenl√∂we,48.038968,7.863461,Pokestop
Snakehead,48.001436,7.832521,Pokestop
Colombipark,47.997615,7.846739,Pokestop
Ritter Hermann von Sulz,48.09703,7.956299,Pokestop
S√ºdwestlicher Brunnen,48.009459,7.838625,Pokestop
Italienische Brunnen,48.010623,7.811255,Pokestop
V√∂rstetten - Kirche am Friedhof,48.064455,7.849304,Pokestop
Carlo Schmid,48.010337,7.827699,Pokestop
Dark Fortress,47.995678,7.860635,Pokestop
Geoinstitut,48.002301,7.847976,Pokestop
BD Crew,48.01076,7.821369,Pokestop
Facade Sculptures,47.995251,7.853251,Pokestop
Alte Presse,47.982548,7.803958,Pokestop
Kriegsdenkmal,48.064636,7.849771,Pokestop
Sacktr√§gerbrunnen,48.064973,7.890519,Pokestop
Kanonikatshaus Waldkirch,48.092053,7.963812,Pokestop
Mensa Rempartstra√üe Mural,47.992512,7.846348,Pokestop
S√§ngerruhe,47.969263,7.803072,Pokestop
Maria voller Tr√§nen,48.002399,7.860233,Pokestop
Herdern Dorfbrunnen,48.007075,7.86356,Arena
Hydrantman,48.0421,7.868031,Pokestop
Kirchenglocken von 1921,48.00594,7.833276,Pokestop
Blaue Skulptur,47.992169,7.841201,Pokestop
Heiliger Josef Schutzpatron des Kolping,47.998809,7.855048,Pokestop
Wappen Stadt Wien,48.007945,7.855189,Pokestop
Walddenkmal am Wolfswinkel,48.022338,7.823282,Pokestop
Wisteria Wasserburg,48.009054,7.820512,Pokestop
Freiburg: Tree Sculpture,47.993119,7.857073,Pokestop
Die Hoffnung Ist Blau,47.980793,7.889535,Pokestop
Evangelische Kirche Der Uniklinik Freiburg,48.007296,7.839031,Pokestop
Prisons Head,48.002864,7.85163,Pokestop
Waldeck Rondell,47.980753,7.849551,Pokestop
Siedlergemeinschaft,48.013757,7.817593,Pokestop
Mitscherlich Kapelle,48.008544,7.844708,Pokestop
Giraffen,47.987432,7.844474,Pokestop
Fountain Fish,48.009476,7.858605,Pokestop
Vogelhaus am Stadtrainsee,48.088766,7.957476,Pokestop
Freiburg Basler Hof,47.996538,7.851769,Pokestop
Kinderstatuen,48.006058,7.840085,Pokestop
Reblauszunft Statue,47.978592,7.811319,Pokestop
Carl Mez Gedenktafel,47.996773,7.853938,Pokestop
Hexenpilz,47.971329,7.84226,Pokestop
Caf√© Corosol,47.994467,7.834586,Pokestop
Verschmutzung verboten,48.011784,7.854538,Pokestop
Secret Opal-Cubes,48.001058,7.844837,Pokestop
Gedenksteine,47.997563,7.844755,Pokestop
Springbrunnen mit Reiher,48.005877,7.838562,Pokestop
Stolpersteine Jakob und Jette Model,47.986066,7.845432,Pokestop
F√ºrstenberg Graffiti,48.068642,7.88221,Pokestop
Kleiner Flu√ü mit Enten und Fischfliesen,48.007487,7.856493,Pokestop
Dipylon im botanischen Garten,48.00937,7.857351,Pokestop
Noch mehr Graffiti,47.976537,7.81239,Pokestop
T-Rex,48.064834,7.891418,Pokestop
verarmter Kunde vor der Commerzbank,47.992951,7.848859,Pokestop
Hirschen Brauerei,48.088967,7.959268,Pokestop
Schneggi,48.024332,7.803915,Pokestop
Jaguar Etxea Estatua,47.9881,7.78841,Pokestop
Droste H√ºlshoff Gymnasium,48.010528,7.861613,Pokestop
Brunnen Franz-Geiler-Platz,47.999818,7.834771,Pokestop
Stolperstein A. W. Algner,48.014714,7.803566,Pokestop
Schlussstein vom Tor der Freiburger Munze,47.994437,7.854202,Pokestop
Steinschildkr√∂te,47.999154,7.854442,Pokestop
Wieviel Wasser Braucht Der Mensch,47.984062,7.902077,Pokestop
Compass Rose Mosaic,47.997532,7.847761,Pokestop
Lovely Fountain,47.990895,7.845747,Pokestop
Pferd In Garage,48.093911,7.968671,Pokestop
Wandbild mit Kirche,47.993826,7.853583,Pokestop
UFO im Kornfeld,48.008114,7.777971,Pokestop
Brunnen in der Lange Strasse,48.095997,7.963082,Pokestop
Stolpersteine Rosenthal,47.995837,7.849748,Pokestop
Pinus Silvestris,47.97033,7.839774,Pokestop
Brunnen Friedrich-Ebert-Platz,48.003278,7.841555,Pokestop
Balcony Puppets Jugendzentrum,47.994595,7.833642,Pokestop
Steingarten der Geologie,48.00243,7.847189,Pokestop
Sch√ºlerkunst,47.990193,7.873021,Pokestop
Pharmaforte,48.001577,7.84648,Pokestop
Oberlinden 1,47.99398,7.853796,Pokestop
Waage,47.99959,7.838374,Pokestop
Wasserspeier,47.993248,7.850352,Pokestop
Cross with Benches,47.968141,7.909961,Pokestop
Geist Schafft Leben,48.002708,7.85316,Pokestop
Zum Gr√ºnen Baum,48.068087,7.881913,Pokestop
Karlsbau Springrunnen,47.997326,7.855327,Pokestop
M√ºnster,47.995719,7.852921,Pokestop
Keep Reading Mosaik,47.99521,7.846992,Pokestop
West Stadion Portal,48.005906,7.82547,Pokestop
Platz der alten Synagoge,47.994506,7.84605,Pokestop
M√ºhlstein,48.008897,7.805712,Pokestop
Forest Temple,47.996972,7.870494,Pokestop
Affe und Eule - Brunnen,47.983619,7.829663,Pokestop
The Red X,47.993377,7.838783,Pokestop
Stonehead,47.985727,7.815339,Pokestop
Mosaik Kunst,47.99679,7.845861,Pokestop
Brunnen Egon Ecke Antoniter,48.000582,7.835768,Pokestop
Unser Wald,47.97087,7.837378,Pokestop
L√∂we aus Stein,47.987587,7.801211,Pokestop
Balkongesichter,47.997485,7.794634,Pokestop
Man In Stone,48.013451,7.846344,Pokestop
BSZ Waldkirch,48.093176,7.952247,Pokestop
Emil-G√∂tt-Schule,48.021748,7.859499,Pokestop
Sp√ºren Im WALD,48.087607,7.957541,Pokestop
Stieleiche (Naturdenkmal),48.04447,7.863889,Pokestop
Ebneter B√ºcherhaus 2014,47.987842,7.905547,Pokestop
L√∂wen,47.97697,7.911575,Pokestop
Lederleplatz,47.999447,7.83881,Pokestop
Historic Locomotive,47.987432,7.832,Pokestop
Weiherhof Schule,48.004923,7.861059,Pokestop
Christuskirche,47.987081,7.8494,Pokestop
Sonnenuhr,48.012267,7.817572,Pokestop
Lutherkirche,48.003582,7.840954,Pokestop
Gravekeeper,48.006586,7.843881,Pokestop
Towers,47.996466,7.840191,Pokestop
Aeskulap,48.00324,7.838554,Pokestop
Ebnet SVE,47.984172,7.904719,Pokestop
Tell Backport,47.998154,7.836761,Pokestop
Ooomnomnooomm!,48.004009,7.7927,Pokestop
Hangman,47.981548,7.900206,Pokestop
O & X,48.012052,7.822531,Pokestop
Regierungspr√§sidiums-Bogen,48.002475,7.823902,Pokestop
Evangelische Kreuzkirche,47.997769,7.830667,Pokestop
Snoopy Wappen Freiburg,48.004161,7.829375,Pokestop
alter Brunnen,48.023891,7.863368,Pokestop
Bloch Stolpersteine,47.9939,7.843667,Pokestop
Solar Energy Educational Working Station,47.999342,7.845794,Pokestop
Pfffff!,48.01074,7.806564,Pokestop
Brunnen Z√§hringer Tor,48.012467,7.854163,Pokestop
Stoned River,48.000245,7.827484,Pokestop
Little Stonehenge,47.999254,7.785243,Pokestop
Bahnhof Kollnau,48.101153,7.973886,Pokestop
Mary's Statue,48.000655,7.855058,Pokestop
Adolf und Babette Heim,47.99416,7.882081,Pokestop
Maria Skulptur am Schwarzenberg,48.08826,7.962026,Pokestop
Schnecke,48.069838,7.896612,Pokestop
It's a Jungle out There Mural,48.004537,7.859547,Pokestop
Skatepark,48.097566,7.960696,Pokestop
Br√ºderlein und Schwesterlein,48.003151,7.845024,Pokestop
Helga Salvesen Memorial Stone,48.006299,7.836530,Pokestop
Die Geschwungene,47.994782,7.846498,Pokestop
Tramtower Skulptur,48.001141,7.786997,Arena
Baum des Jahres,48.001742,7.786613,Pokestop
Man in Uniform,47.991924,7.853818,Pokestop
Spielplatz "H√ºhnerhof",47.971523,7.829820,Pokestop
Rathaus im St√ºhlinger,48.000618,7.831373,Pokestop
Zombie Django,47.974494,7.826699,Arena
Lehen,48.0166,7.801058,Arena
Evangelische Johanneskirche Merzhausen,47.96831,7.827822,Arena
Mikado Playground,48.004513,7.860425,Pokestop
Brunnen Am Pfarrb√ºro Herdern,48.006808,7.862293,Pokestop
Immentalbrunnen,48.004571,7.863077,Pokestop
Weinwegtafel,47.968028,7.822656,Pokestop
Rathaus Lehen,48.016784,7.801167,Pokestop
Playground (Br√ºhl),48.017166,7.853967,Pokestop
Tower Of Br√ºhl,48.017710,7.853989,Pokestop
Insektenhaus im botanischen Garten,48.009535,7.856279,Pokestop
Multistar,47.974276,7.828398,Pokestop
Stolpersteine Familie Kuflik,47.996893,7.834886,Pokestop
Einfallsreicher Brunnen,47.964742,7.826925,Pokestop
Hirsch-Mosaik Merzhausen,47.965627,7.826496,Pokestop
Brunnen vor dem Rathaus Merzhausen,47.966113,7.825685,Pokestop
stolper stein adol levy,48.003731,7.861839,Pokestop
Playground (Br√ºhl),48.017166,7.853967,Pokestop
Tower Of Br√ºhl,48.017710,7.853989,Pokestop
Rosa Mayer Stolperstein,47.993838,7.84404,Pokestop
Stolperstein Isidor Loewe,47.998636,7.851528,Pokestop
Spielplatz Franz-Geiler-Platz,48.000007,7.834306,Pokestop
Spielplatz metzergr√ºn,47.9987757,7.8244986,Pokestop
Stolpersteine Lydia und Meier-Friedrich Bloch,48.001240,7.841110,Pokestop
Spielplatz Ecke Kreuzsta√üe-Colmarer Stra√üe,48.000721,7.842913,Pokestop
Stolpersteine Herren Joachim und Fam.Mayer,47.999086,7.845053,Pokestop
Dancing Fountain,47.993265,7.845546,Pokestop
Piratenspielplatz,48.008721,7.825468,Pokestop
Gro√üer Spielplatz 39b,47.998751,7.791172,Pokestop
Denkmal Deutsche Einheit,48.000296,7.800403,Pokestop
Playground - Dig & Swing,47.996562,7.790084,Pokestop
Badenovah√§uschen Fehrenbachallee,47.996089,7.829431,Arena
Elefantenrutsche,47.996503,7.828997,Pokestop
