Holzturm im Seepark - Freiburg	https://www.google.com/maps/place/48.011261,7.820263
Geschwungener Brunnen	https://www.google.com/maps/place/47.974758,7.825413
Pfarrheim Ebnet 	https://www.google.com/maps/place/47.988333,7.906158
Mooswaldbrunnen	https://www.google.com/maps/place/48.014675,7.824283
Geologisches Profil	https://www.google.com/maps/place/48.013322,7.818347
St. Franziskus	https://www.google.com/maps/place/47.989069,7.904957
Waage Waldkirch 	https://www.google.com/maps/place/48.103269,7.974873
Forellenbrunnen Merzhausen	https://www.google.com/maps/place/47.966434,7.824552
Kein Trinkwasser	https://www.google.com/maps/place/48.096825,7.969706
Evangelische Johanneskirche Merzhausen	https://www.google.com/maps/place/47.96831,7.827822
Lurchi-Brunnen	https://www.google.com/maps/place/47.975381,7.823571
Der Hahn	https://www.google.com/maps/place/47.97423,7.82538
Heiligtum Der Berufung	https://www.google.com/maps/place/47.966335,7.819657
Old Timer	https://www.google.com/maps/place/48.011903,7.824464
300	https://www.google.com/maps/place/48.01049,7.816338
Nashorn	https://www.google.com/maps/place/47.974256,7.818121
Abenteuer Spielplatz	https://www.google.com/maps/place/47.990445,7.87405
Katholische Kirche	https://www.google.com/maps/place/48.015766,7.815094
Cross at a Crossing	https://www.google.com/maps/place/47.966055,7.828599
Cross of Kappel	https://www.google.com/maps/place/47.964854,7.908129
NOLL TURM	https://www.google.com/maps/place/48.031673,7.842588
St. Pankratius Kirche	https://www.google.com/maps/place/48.081322,7.917595
Go-West-Ranch	https://www.google.com/maps/place/48.052717,7.856603
Bleistift - Giant Colored Penc	https://www.google.com/maps/place/48.013307,7.814244
Schiffsbr√ºcke	https://www.google.com/maps/place/48.07241,7.907707
Maria Mit Kind 1981	https://www.google.com/maps/place/48.096396,7.96878
Brunnen Im Jesuiten	https://www.google.com/maps/place/47.966258,7.817442
M√ºhlenrad	https://www.google.com/maps/place/48.080735,7.919023
DFG Pavilion	https://www.google.com/maps/place/47.989989,7.873879
Waldmenschenreich	https://www.google.com/maps/place/47.969775,7.845655
Andachtskapelle St. Barbara 	https://www.google.com/maps/place/47.992077,7.884745
New Omega 	https://www.google.com/maps/place/47.973454,7.818556
Hasemannstrasse 	https://www.google.com/maps/place/47.986463,7.884077
Waldmensch Schneewittchen	https://www.google.com/maps/place/47.970887,7.843907
Stone Tower	https://www.google.com/maps/place/48.009258,7.847196
Wendelturm im Seepark	https://www.google.com/maps/place/48.01154,7.814762
Weingott	https://www.google.com/maps/place/48.011053,7.819498
Baral Frau	https://www.google.com/maps/place/48.074284,7.877844
Rusty Venus	https://www.google.com/maps/place/48.010229,7.857315
Schneckenturm	https://www.google.com/maps/place/48.010294,7.82122
Stammbaum Der Bl√ºtenpflanzen	https://www.google.com/maps/place/48.009307,7.856898
Pokals√§ule	https://www.google.com/maps/place/48.00946,7.844928
Pontonbr√ºcke	https://www.google.com/maps/place/48.00966,7.819694
Spanischer Kultur und Sportverein e. V	https://www.google.com/maps/place/48.011803,7.852089
Eisb√§r	https://www.google.com/maps/place/48.012244,7.851789
Ki Ta Biolono	https://www.google.com/maps/place/48.009926,7.856977
Living Tree Murale	https://www.google.com/maps/place/48.017438,7.857108
Schwarz - Wei√ü 	https://www.google.com/maps/place/48.010456,7.856214
Friedhof Brunnen Nord	https://www.google.com/maps/place/48.010574,7.842539
Personen-Sonnenuhr	https://www.google.com/maps/place/48.012344,7.813319
Krematorium Freiburg	https://www.google.com/maps/place/48.009922,7.844799
Destroyed Olympia	https://www.google.com/maps/place/47.995951,7.845727
Bodenkompass	https://www.google.com/maps/place/48.009392,7.821655
Katholische Pfarrkirche St. Josef	https://www.google.com/maps/place/48.102893,7.97145
Stolpersteine J. Und L. Reichmann 	https://www.google.com/maps/place/47.987655,7.853394
Brunnen im Ortskern	https://www.google.com/maps/place/48.105086,7.972598
Zwillings L√∂wen vor dem Gasthaus zum Kreuz	https://www.google.com/maps/place/48.096197,7.963665
Albert-Schweitzer-Schulzentrum	https://www.google.com/maps/place/48.041104,7.870891
Wiatrak	https://www.google.com/maps/place/48.010781,7.827807
VII. Jesus f√§llt das zweite Mal	https://www.google.com/maps/place/47.981732,7.837622
Solarturm im Seepark	https://www.google.com/maps/place/48.008758,7.82192
Kirche Jesu Christi Der Heiligen Der Letzten Tage	https://www.google.com/maps/place/47.994929,7.824242
Bischofskreuz 	https://www.google.com/maps/place/48.005731,7.819824
Hexenhaus mit Hundeh√ºtte	https://www.google.com/maps/place/48.024739,7.848155
Gedenk-Brunnen	https://www.google.com/maps/place/48.009015,7.845191
Lochstein	https://www.google.com/maps/place/48.010977,7.820843
Freiburg: Woman with Children	https://www.google.com/maps/place/48.013726,7.85668
Besan√ßon Landesgartenschau 1986	https://www.google.com/maps/place/48.009897,7.821903
Zebra Art	https://www.google.com/maps/place/47.996621,7.79425
1898	https://www.google.com/maps/place/47.993561,7.851226
Fort Knox	https://www.google.com/maps/place/47.992006,7.856715
Obere-Linde Memorial	https://www.google.com/maps/place/47.993689,7.854581
Alban Cat	https://www.google.com/maps/place/47.993989,7.854612
Hokus Pokus Beat	https://www.google.com/maps/place/47.991594,7.827222
Kletterger√ºst Haslach 	https://www.google.com/maps/place/47.992243,7.827695
Kieser Training	https://www.google.com/maps/place/47.994125,7.850302
Skulptur Am Landgericht	https://www.google.com/maps/place/47.994694,7.851815
Metal Cloud	https://www.google.com/maps/place/47.992138,7.824948
Tiny Brick House on Top of a House 	https://www.google.com/maps/place/47.995402,7.851152
Muschel	https://www.google.com/maps/place/47.992749,7.791603
Historisches Geb√§ude M√ºnsterbauverein	https://www.google.com/maps/place/47.995502,7.854144
Jugendarbeit Weingarten 	https://www.google.com/maps/place/47.994096,7.815105
Krozinger Stra√üe 80 	https://www.google.com/maps/place/47.993661,7.814585
Tulpen	https://www.google.com/maps/place/47.995439,7.850358
Gold and green	https://www.google.com/maps/place/47.993651,7.853841
The Lighter	https://www.google.com/maps/place/47.986295,7.815996
Brunnen Kart√§userstrasse	https://www.google.com/maps/place/47.991727,7.859707
Spieloffensive	https://www.google.com/maps/place/47.993362,7.814435
Kreuz St. Michael	https://www.google.com/maps/place/47.990335,7.820992
Town Archive	https://www.google.com/maps/place/47.994398,7.850862
Silbergruben - Kiesgrubenweg 	https://www.google.com/maps/place/47.991507,7.782959
Wooden Tower	https://www.google.com/maps/place/48.010331,7.850572
Schmetterling	https://www.google.com/maps/place/48.012156,7.821916
Bender Head at Westbad	https://www.google.com/maps/place/48.011354,7.82278
Freiburg: Schlossberg cross	https://www.google.com/maps/place/47.994258,7.857976
Biergarten	https://www.google.com/maps/place/47.992984,7.788482
Kreuz vor der Baptisten-Gemeinde	https://www.google.com/maps/place/48.006287,7.850248
Pencil Case	https://www.google.com/maps/place/47.986247,7.816812
Monolith	https://www.google.com/maps/place/47.989142,7.7943
Badenova H√§uschen	https://www.google.com/maps/place/47.993731,7.821809
Tree Cut	https://www.google.com/maps/place/48.008638,7.85857
Ludwigs-Hoehe	https://www.google.com/maps/place/47.993678,7.858235
Staudinger S√§ule Nord	https://www.google.com/maps/place/47.992561,7.825431
Kopfloser Nick	https://www.google.com/maps/place/47.987131,7.847922
Mein Baby	https://www.google.com/maps/place/47.992475,7.854519
Alte Universit√§t 	https://www.google.com/maps/place/47.995254,7.847691
Freiburg nach dem Schneefall ¬¶	https://www.google.com/maps/place/47.99248,7.853723
Freiburg: Golden Bear	https://www.google.com/maps/place/47.99334,7.853992
Stolperstein Dr Hans Pollock	https://www.google.com/maps/place/47.986658,7.847167
Brunnen Schwabentorring	https://www.google.com/maps/place/47.991241,7.85435
Calvary Chapel	https://www.google.com/maps/place/47.994082,7.847908
Schneckenbrunnen Spemannplatz	https://www.google.com/maps/place/47.971591,7.837683
Mach Blau	https://www.google.com/maps/place/48.074239,7.900382
Balanceakt	https://www.google.com/maps/place/47.991124,7.878989
Engels Wappen	https://www.google.com/maps/place/47.984548,7.837729
Place De La Petanque	https://www.google.com/maps/place/48.07328,7.903657
Blume	https://www.google.com/maps/place/47.995072,7.848977
Kreuz auf der Haid	https://www.google.com/maps/place/47.988986,7.785175
B√§rchen23	https://www.google.com/maps/place/47.995823,7.835137
Gro√ües Rad	https://www.google.com/maps/place/47.991711,7.793943
Donald Duck Graffiti 	https://www.google.com/maps/place/48.09692,7.965187
Steini Schlumpf	https://www.google.com/maps/place/47.99465,7.859618
Majim Steg	https://www.google.com/maps/place/47.987469,7.903327
Lehen	https://www.google.com/maps/place/48.0166,7.801058
Arachnides Kinderfang Netz	https://www.google.com/maps/place/47.990967,7.879178
Crazy Wall 	https://www.google.com/maps/place/47.992609,7.83305
Totes Gleis 	https://www.google.com/maps/place/47.976384,7.817444
Weingarten Wappen	https://www.google.com/maps/place/47.99434,7.810533
Broken Concrete Sculpture	https://www.google.com/maps/place/48.033745,7.851061
Frau Mit Kind	https://www.google.com/maps/place/48.009288,7.840731
Aussichtspunkt 	https://www.google.com/maps/place/48.010411,7.869904
Auferstehungs-Gemeinde	https://www.google.com/maps/place/47.983515,7.897535
Nadelwald Tattoo 	https://www.google.com/maps/place/47.988718,7.867096
Kinder Skulptur Am Stadtrainsee	https://www.google.com/maps/place/48.0892,7.957628
Pferd	https://www.google.com/maps/place/47.994431,7.853708
Karma Buddha	https://www.google.com/maps/place/47.996318,7.844359
Zu unser Frauen Berg	https://www.google.com/maps/place/47.996105,7.84817
Dionysos	https://www.google.com/maps/place/47.98835,7.846017
Erzbischofskirche	https://www.google.com/maps/place/47.994932,7.853788
Spielplatz 	https://www.google.com/maps/place/48.02406,7.861133
Brunnen In Der Passage	https://www.google.com/maps/place/47.995467,7.849663
Kaiser Joseph Str. Brunnen	https://www.google.com/maps/place/47.991178,7.848283
Regenbogen Stift	https://www.google.com/maps/place/48.03914,7.811846
Katze	https://www.google.com/maps/place/47.991231,7.846571
Schattenstein	https://www.google.com/maps/place/48.003313,7.817049
Trojanisches Pferd 	https://www.google.com/maps/place/48.011766,7.782297
Kaffee Time Out 	https://www.google.com/maps/place/47.988811,7.849838
Kunstruine	https://www.google.com/maps/place/47.992217,7.849777
St√§tische Kinderschule	https://www.google.com/maps/place/48.092712,7.96129
Kornkreis	https://www.google.com/maps/place/47.989937,7.847972
Gottesackerkapelle	https://www.google.com/maps/place/48.02195,7.861134
Halfpipe Dietenbachpark	https://www.google.com/maps/place/48.002522,7.804419
Steinskulptur	https://www.google.com/maps/place/47.99367,7.846899
Graffiti Dreisam-Unterf√ºhrung	https://www.google.com/maps/place/47.990829,7.84399
Lebens Portal	https://www.google.com/maps/place/47.990328,7.857221
Mundenhof Spieldrache	https://www.google.com/maps/place/48.013358,7.782267
Jesuskreuz	https://www.google.com/maps/place/48.020328,7.862371
Alien Flat 	https://www.google.com/maps/place/48.029677,7.809013
	https://www.google.com/maps/place/47.990043,7.851866
Altstadtbrunnen	https://www.google.com/maps/place/47.995875,7.847885
Aristoteles	https://www.google.com/maps/place/47.993675,7.846064
Gertrud Luckner Stolperstein	https://www.google.com/maps/place/47.988965,7.846101
Bildstock St. Margarethe	https://www.google.com/maps/place/48.091669,7.962503
Graffiti Unterf√ºhrung 	https://www.google.com/maps/place/47.989315,7.858823
The Pipe	https://www.google.com/maps/place/48.001751,7.80616
Anker	https://www.google.com/maps/place/47.992421,7.851521
Drunk Monk Street Art	https://www.google.com/maps/place/47.993371,7.850858
Rathaus Waldkirch	https://www.google.com/maps/place/48.091708,7.961742
LKW Mann	https://www.google.com/maps/place/48.039507,7.808133
Bloody Mary 	https://www.google.com/maps/place/47.993348,7.848933
Sleeping  Man	https://www.google.com/maps/place/47.989107,7.850637
Arche Noah 	https://www.google.com/maps/place/48.012842,7.782718
Zaehringen Tower Murale 	https://www.google.com/maps/place/48.022922,7.861664
Tischtennis mit Graffiti	https://www.google.com/maps/place/48.02078,7.860443
Kronenpokal	https://www.google.com/maps/place/47.989293,7.843808
25 Jahre Landwasser	https://www.google.com/maps/place/48.028679,7.805132
Paulussaal Freiburg	https://www.google.com/maps/place/47.991079,7.849307
Steinmann Gundelfingen	https://www.google.com/maps/place/48.040243,7.865339
Gr√ºne Pumpe	https://www.google.com/maps/place/48.000513,7.852121
Freiburg Synagoge	https://www.google.com/maps/place/47.996354,7.853567
B√ºrgerhaus	https://www.google.com/maps/place/48.019354,7.858367
Badisches Mosaik	https://www.google.com/maps/place/47.985363,7.828434
Rottecksruhe	https://www.google.com/maps/place/48.000227,7.856665
Hebsackwiesen	https://www.google.com/maps/place/48.009221,7.86663
Mosaik	https://www.google.com/maps/place/47.996705,7.847366
Freiburg: Wave Portal	https://www.google.com/maps/place/47.996606,7.850774
Ebnets Bauernh√∂fe	https://www.google.com/maps/place/47.986273,7.905915
Wasserspeier Zentralhotel	https://www.google.com/maps/place/47.997415,7.851505
Kaiserstier	https://www.google.com/maps/place/47.996872,7.851845
St. Nepomuk 	https://www.google.com/maps/place/47.987371,7.896606
Goldhuus	https://www.google.com/maps/place/47.998008,7.854229
Festung Freiburger Schlossberg - Die Peterskirche	https://www.google.com/maps/place/47.997431,7.867329
Wine in the City	https://www.google.com/maps/place/47.99703,7.845898
KTS	https://www.google.com/maps/place/47.986006,7.831103
Freiburg: Column Portal 	https://www.google.com/maps/place/48.000302,7.852308
Sonnenuhr & Uhr - f√ºr Regentage	https://www.google.com/maps/place/47.999584,7.845498
	https://www.google.com/maps/place/48.003151,7.845024
Sikawild 	https://www.google.com/maps/place/48.08614,7.958198
kleines Steinportal	https://www.google.com/maps/place/48.007788,7.869689
Wasserschlo√ü 	https://www.google.com/maps/place/47.979015,7.915247
Kleiner Steinmetzbogen	https://www.google.com/maps/place/47.982833,7.832445
Flower Power 	https://www.google.com/maps/place/48.001017,7.84775
Stone Woman	https://www.google.com/maps/place/48.048688,7.862545
Siegesdenkmal	https://www.google.com/maps/place/47.998144,7.851569
Stadt Freiburg Stein	https://www.google.com/maps/place/47.989834,7.894131
F√§sslestemmer	https://www.google.com/maps/place/48.042451,7.866293
Adler im Zoo	https://www.google.com/maps/place/48.086841,7.959896
Eingang Friedhof Gundelfingen	https://www.google.com/maps/place/48.045775,7.867731
Wegkreuz Z√§hringen Oberdorf	https://www.google.com/maps/place/48.016599,7.8653
Frosch Kinderklinik	https://www.google.com/maps/place/48.003409,7.843476
Biologische Untersuchungsstation 	https://www.google.com/maps/place/47.980208,7.911503
Caf√© Velo	https://www.google.com/maps/place/47.996594,7.839558
White Dragon	https://www.google.com/maps/place/48.01118,7.810919
Big Boulder 	https://www.google.com/maps/place/47.996283,7.873394
Rutschenturm	https://www.google.com/maps/place/48.004467,7.818518
Kirche Betzenhausen	https://www.google.com/maps/place/48.009631,7.808021
Matth√§uskirche - Jugendtreff	https://www.google.com/maps/place/48.008956,7.813979
Kletterger√ºst Oktagon	https://www.google.com/maps/place/48.007113,7.812409
Maximilian Dortu's Crypt	https://www.google.com/maps/place/47.985846,7.857125
St. Barbara Church 	https://www.google.com/maps/place/47.980125,7.897548
Wasch und Backhaus	https://www.google.com/maps/place/48.022767,7.860631
Trophy at Night	https://www.google.com/maps/place/48.01167,7.841475
Broken Arm Statue	https://www.google.com/maps/place/48.008558,7.83998
Stadtrat Karl Walterspiel	https://www.google.com/maps/place/47.96618,7.836113
Der Merkur	https://www.google.com/maps/place/47.987973,7.898235
Goldmarie	https://www.google.com/maps/place/48.008677,7.846826
Waschanlagenkirche	https://www.google.com/maps/place/48.018699,7.842661
Fabrik Sonntag	https://www.google.com/maps/place/48.097844,7.967188
Der Mars	https://www.google.com/maps/place/47.988603,7.897108
Fische sind Freunde	https://www.google.com/maps/place/47.995222,7.843665
Lux Aeterna	https://www.google.com/maps/place/48.007404,7.871225
Mach Mal Pause	https://www.google.com/maps/place/48.027549,7.845635
Waldkirch Burgh√ºtte	https://www.google.com/maps/place/48.097935,7.957417
Narrenbrunnen	https://www.google.com/maps/place/48.093345,7.960878
Berufliches Schulzentrum	https://www.google.com/maps/place/47.999781,7.826043
"Graffiti ""Sport"""	https://www.google.com/maps/place/47.996812,7.843383
Brunnen bei Nacht	https://www.google.com/maps/place/47.996815,7.856622
Loretto Brunnen	https://www.google.com/maps/place/47.984444,7.847777
Die Venus	https://www.google.com/maps/place/47.988198,7.897871
Spielplatz am EKZ	https://www.google.com/maps/place/47.994938,7.810651
Matsuyama	https://www.google.com/maps/place/47.996373,7.849397
Kinderhaus Fang Die Maus 	https://www.google.com/maps/place/48.004257,7.816031
Angler Am Rabenturm	https://www.google.com/maps/place/48.093876,7.959391
Kopf√ºber 	https://www.google.com/maps/place/48.085857,7.958177
Weird Metal Thingamagiggy	https://www.google.com/maps/place/48.028976,7.807676
Schachmatt	https://www.google.com/maps/place/48.004886,7.809802
Jugendtreff	https://www.google.com/maps/place/48.067858,7.894823
Der Kran 	https://www.google.com/maps/place/47.980383,7.902789
Alien Ice Cream	https://www.google.com/maps/place/47.998164,7.849284
Die drei Sch√∂nen	https://www.google.com/maps/place/47.974767,7.908968
Rechtmediziner	https://www.google.com/maps/place/48.000749,7.851324
Krozinger Stra√üe	https://www.google.com/maps/place/47.992861,7.810141
Leichtathletik	https://www.google.com/maps/place/48.071388,7.897996
Eule	https://www.google.com/maps/place/48.009201,7.803553
Drehscheibe 	https://www.google.com/maps/place/47.993427,7.810877
Kultur und B√ºrgerhaus	https://www.google.com/maps/place/48.068206,7.897965
Grafitti am Service Center Studium	https://www.google.com/maps/place/47.994788,7.844112
Gedenktafel	https://www.google.com/maps/place/47.981159,7.899721
Dank den Schweizern	https://www.google.com/maps/place/47.984925,7.854106
Graffiti Heads	https://www.google.com/maps/place/48.069742,7.89612
Stadtkapelle	https://www.google.com/maps/place/48.093286,7.960232
Weingarten Mosaik	https://www.google.com/maps/place/47.99452,7.810071
Statue Alexander Ecker	https://www.google.com/maps/place/48.000941,7.850436
Scheffelhof	https://www.google.com/maps/place/48.094336,7.96506
Steinman Mit M√ºtze	https://www.google.com/maps/place/47.991697,7.880158
Europa Wir Kommen	https://www.google.com/maps/place/47.987688,7.873265
Pyramide	https://www.google.com/maps/place/47.995289,7.81054
Holzeule 1	https://www.google.com/maps/place/48.072607,7.893046
Freiburger Wasserweg	https://www.google.com/maps/place/47.982515,7.904379
Heimat	https://www.google.com/maps/place/47.998239,7.848161
Beachvolleyball	https://www.google.com/maps/place/48.071417,7.897231
Gewaltopfer Baum	https://www.google.com/maps/place/47.9961,7.846522
Kirche der Paul-Gerhardt-Gemeinde	https://www.google.com/maps/place/48.107489,7.97654
Kriegsopfer-Gedenkstein	https://www.google.com/maps/place/48.074808,7.893166
Brunnen an der Sparkasse	https://www.google.com/maps/place/48.094061,7.963002
Orgelfabrik Xaver Bruder	https://www.google.com/maps/place/48.091024,7.964873
Denzlingen St. Jakobus Kirche	https://www.google.com/maps/place/48.070214,7.890756
D√§dalus-Skulptur	https://www.google.com/maps/place/48.093736,7.970389
Kleiner Meyerhof	https://www.google.com/maps/place/47.996289,7.847652
Waldkircher Friedhof	https://www.google.com/maps/place/48.094674,7.972455
Schl√∂sslescheune von 1614	https://www.google.com/maps/place/48.091314,7.965717
Ebnet Schl√∂ssle	https://www.google.com/maps/place/47.987484,7.901901
Nathan Block Stolperstein	https://www.google.com/maps/place/47.9942,7.843178
Platz der Wei√üen Rose	https://www.google.com/maps/place/47.994306,7.846806
Ufo In Waldkirch	https://www.google.com/maps/place/48.088683,7.944578
Station Drechseln	https://www.google.com/maps/place/48.066021,7.8532
Suggentalerweg	https://www.google.com/maps/place/48.068293,7.913283
KGII Concrete Structure	https://www.google.com/maps/place/47.997158,7.844247
Freiburg Hauptbahnhof	https://www.google.com/maps/place/47.997595,7.842275
Rupert-Fischer-Brunnen	https://www.google.com/maps/place/48.00496,7.87346
Antike Vase	https://www.google.com/maps/place/47.998211,7.843328
Naturerlebnispark Waldkirch	https://www.google.com/maps/place/48.087315,7.951912
Der Anker	https://www.google.com/maps/place/48.000783,7.845103
Steinfigur	https://www.google.com/maps/place/48.071247,7.899848
Vereinte Nationen 	https://www.google.com/maps/place/47.989863,7.872497
Stolpersteine	https://www.google.com/maps/place/47.998363,7.844539
Alte Schmiede	https://www.google.com/maps/place/48.065772,7.852636
Kreisel Konzerthaus	https://www.google.com/maps/place/47.995863,7.841659
Nerthus-Kult	https://www.google.com/maps/place/48.065523,7.852948
Freiburg Im Breisgau	https://www.google.com/maps/place/47.99579,7.842209
Spinning Top	https://www.google.com/maps/place/47.99538,7.841128
Post Mann	https://www.google.com/maps/place/48.000312,7.8131
Kreuz von Batzenh√§usle 	https://www.google.com/maps/place/48.086363,7.93039
Spielplatz im Heidach	https://www.google.com/maps/place/48.068433,7.905703
Schlangenrutsche	https://www.google.com/maps/place/48.001312,7.806456
Kunst Am Platz	https://www.google.com/maps/place/47.99755,7.859092
Energytails Fountain	https://www.google.com/maps/place/47.992089,7.872052
Minigolf Denzlingen	https://www.google.com/maps/place/48.073496,7.903337
Spielplatz Erfurter Stra√üe	https://www.google.com/maps/place/48.072079,7.901286
Mensatotempfahl	https://www.google.com/maps/place/48.002449,7.849214
Intercity Hotel Skulptur	https://www.google.com/maps/place/47.997105,7.841821
Commerzbank Freiburg	https://www.google.com/maps/place/47.99858,7.843627
Kristallographie	https://www.google.com/maps/place/48.002677,7.850305
Spechtpassage	https://www.google.com/maps/place/47.99451,7.841235
Stolpersteine Abraham und Grumbacher	https://www.google.com/maps/place/47.997417,7.843671
Kneippanlage	https://www.google.com/maps/place/48.094076,7.981475
G.v. Hevesy Stolperstein	https://www.google.com/maps/place/48.001365,7.847575
St√ºhlinger 1885-1985	https://www.google.com/maps/place/47.996462,7.838728
Blechbl√§ser Bei Nacht	https://www.google.com/maps/place/48.067235,7.882812
	https://www.google.com/maps/place/47.982433,7.854521
Rusty Needle	https://www.google.com/maps/place/48.002646,7.848147
Clubheim VFR V√∂rstetten	https://www.google.com/maps/place/48.060807,7.844172
Kunst am Bach	https://www.google.com/maps/place/47.992413,7.84108
Gasthaus Hirschen	https://www.google.com/maps/place/48.064778,7.891934
Trimmdichpfad Reckstangen	https://www.google.com/maps/place/47.981651,7.857554
Spielplatz Gr√ºnmattenstra√üe	https://www.google.com/maps/place/48.069719,7.907664
Denzlinger Wappen	https://www.google.com/maps/place/48.067738,7.895325
Jazzhaus	https://www.google.com/maps/place/47.994903,7.840449
Biene Maya Kolonien 	https://www.google.com/maps/place/47.989444,7.903644
Brunnen Altenheim	https://www.google.com/maps/place/48.071187,7.90335
√úbersicht Umgebung 	https://www.google.com/maps/place/47.985547,7.903156
Birdie	https://www.google.com/maps/place/48.06895,7.882363
Festung Freiburger Schlossberg - Der Kommandantengarten	https://www.google.com/maps/place/47.996811,7.864973
Kepler	https://www.google.com/maps/place/48.002909,7.856811
Grenzstein Ebnet 1790	https://www.google.com/maps/place/47.986708,7.904471
Spielplatz	https://www.google.com/maps/place/47.984789,7.851332
Bahnhof Gundelfingen	https://www.google.com/maps/place/48.043997,7.874269
Fl√∂tist Stadtgarten	https://www.google.com/maps/place/47.997355,7.857937
Postbank 	https://www.google.com/maps/place/48.067354,7.885546
Karlstr Cross	https://www.google.com/maps/place/48.001352,7.856594
Rudolf Schilling Brunnen	https://www.google.com/maps/place/47.984938,7.849872
Ishibashi Ishiguro	https://www.google.com/maps/place/47.997019,7.858699
Gundelfingen	https://www.google.com/maps/place/48.035293,7.863748
B√ºcherzelle Denzlingen	https://www.google.com/maps/place/48.066994,7.883231
M√ºhlenstein	https://www.google.com/maps/place/48.066304,7.885837
Kapelle Im Alten Friedhof	https://www.google.com/maps/place/48.000926,7.857031
Stahl und Stein	https://www.google.com/maps/place/47.992141,7.86878
Ein Vogel Im Wald	https://www.google.com/maps/place/47.989292,7.902333
Gasthaus zum Gruenen Baum	https://www.google.com/maps/place/48.067485,7.881631
Trimmdichpfad Hangelleiter	https://www.google.com/maps/place/47.980789,7.856051
roccafe	https://www.google.com/maps/place/48.066445,7.884025
Pavilion Tausendf√ºhler	https://www.google.com/maps/place/47.98804,7.813166
Jugendtreff Br√ºhl-Beurbarung Graffito	https://www.google.com/maps/place/48.005096,7.844057
B√ÑKO S√ºdbaden	https://www.google.com/maps/place/47.985632,7.805837
Renaissance 	https://www.google.com/maps/place/48.008481,7.843162
 Blue Marlin	https://www.google.com/maps/place/47.985995,7.81174
Wooden Men Sculpture 	https://www.google.com/maps/place/48.005604,7.851845
XIIII  Leichnam ins Grab	https://www.google.com/maps/place/47.981216,7.837763
Power Murale 	https://www.google.com/maps/place/48.004135,7.852146
Hidden Lady Mary	https://www.google.com/maps/place/48.008112,7.844157
I. Jesus wird verurteilt	https://www.google.com/maps/place/47.981665,7.838852
The Bird and the Cloud Sky 	https://www.google.com/maps/place/48.008331,7.842156
Heckenkunst	https://www.google.com/maps/place/47.981691,7.892677
Blonde Lady	https://www.google.com/maps/place/48.000319,7.839973
L√∂wen Pavilion	https://www.google.com/maps/place/48.007976,7.843316
Jesus Christus	https://www.google.com/maps/place/47.981465,7.838618
"Gedenkkreuz ""Wort des Trostes"""	https://www.google.com/maps/place/48.012094,7.809712
Spielplatz Kampffmeyerstrasse	https://www.google.com/maps/place/47.988687,7.811792
Frauenstatue Berg√§cker	https://www.google.com/maps/place/47.982338,7.887384
Monolith Old Cemetery	https://www.google.com/maps/place/47.981656,7.788399
Steinofen	https://www.google.com/maps/place/47.974764,7.823236
Man with Pig	https://www.google.com/maps/place/48.005719,7.853053
R√∂hrenkunst	https://www.google.com/maps/place/47.991858,7.861943
Ritter Martin Malterer	https://www.google.com/maps/place/48.098057,7.956688
Pyramiden-Seil-Spielplatz	https://www.google.com/maps/place/48.029741,7.861107
Kath.Kindergarten Maria Hilf	https://www.google.com/maps/place/47.987592,7.86667
Apostel Statue	https://www.google.com/maps/place/48.008696,7.846178
Ball Sport Halle	https://www.google.com/maps/place/48.072047,7.896907
Eichenlaub Mosaik	https://www.google.com/maps/place/47.997018,7.842498
Kunstsitz	https://www.google.com/maps/place/47.995964,7.847161
Caritas	https://www.google.com/maps/place/48.012319,7.805805
Windrad-Steckdose	https://www.google.com/maps/place/48.001104,7.842367
Nie wieder Krieg	https://www.google.com/maps/place/48.000756,7.842487
Stolpersteine	https://www.google.com/maps/place/47.999624,7.836982
Uhrturm Littenweiler 	https://www.google.com/maps/place/47.981753,7.894316
Terassengarten Loretto Krankenhaus	https://www.google.com/maps/place/47.982234,7.840305
Denkender Engel	https://www.google.com/maps/place/48.008142,7.845498
Chromosomen	https://www.google.com/maps/place/47.980678,7.892605
Gundelfingen Endhaltestelle	https://www.google.com/maps/place/48.034651,7.863393
Freibourg	https://www.google.com/maps/place/48.008835,7.844851
Vogelbad Uniklinik	https://www.google.com/maps/place/48.00529,7.839876
Kepler Basketball Planet	https://www.google.com/maps/place/48.001304,7.793669
Synchron Spirals	https://www.google.com/maps/place/48.005013,7.841443
Mysteri√∂se Musik-Statuen	https://www.google.com/maps/place/47.98888,7.872584
Pavillon Waldsee	https://www.google.com/maps/place/47.982583,7.876431
Hidden Fountain	https://www.google.com/maps/place/48.008764,7.841009
Pflug	https://www.google.com/maps/place/48.011756,7.808066
Mosaik	https://www.google.com/maps/place/48.007161,7.835691
Kinderstatue	https://www.google.com/maps/place/48.004321,7.843176
Shake Plates	https://www.google.com/maps/place/48.003598,7.842993
Bruckwaldweiher	https://www.google.com/maps/place/48.093658,7.983436
Ritter Hermann von Sulz	https://www.google.com/maps/place/48.096337,7.956721
Lehen Ortseingang	https://www.google.com/maps/place/48.01335,7.807324
Weisse Knubbel	https://www.google.com/maps/place/48.005198,7.842644
Wasserspender	https://www.google.com/maps/place/48.008942,7.839728
Graffiti (Tunnel)	https://www.google.com/maps/place/48.012202,7.807792
Ebneter Schlosssteg	https://www.google.com/maps/place/47.983816,7.902963
Moin Blocks	https://www.google.com/maps/place/47.974301,7.829809
Stonehenge	https://www.google.com/maps/place/48.012167,7.811611
St. Carolus Waldkirch	https://www.google.com/maps/place/48.091519,7.946459
Ritter Martin Malterer	https://www.google.com/maps/place/48.096242,7.957476
Altes Rathaus Littenweiler	https://www.google.com/maps/place/47.97931,7.895824
Breite Rutsche	https://www.google.com/maps/place/47.974224,7.814846
Vogel Im Zoo	https://www.google.com/maps/place/48.085608,7.959514
Waldpavillion	https://www.google.com/maps/place/47.984712,7.873025
Kapelle der Uniklinik	https://www.google.com/maps/place/48.006557,7.838137
Iron Jesus	https://www.google.com/maps/place/48.007812,7.841089
H√∂hlenmalerei	https://www.google.com/maps/place/47.976909,7.814761
Frosch K√∂nig	https://www.google.com/maps/place/47.981212,7.889596
Der Boden Lebt 	https://www.google.com/maps/place/48.085409,7.958405
"Kreuz ""Gemeinde Littenweiler"" "	https://www.google.com/maps/place/47.980632,7.897742
Stromverteiler	https://www.google.com/maps/place/48.044366,7.87421
Mauerreste	https://www.google.com/maps/place/47.993696,7.861072
Rooftop	https://www.google.com/maps/place/48.000329,7.828066
Centuries Old Foundation Stone	https://www.google.com/maps/place/48.022805,7.864712
Soccer And BBQ	https://www.google.com/maps/place/48.009158,7.835468
Gedenkstein	https://www.google.com/maps/place/47.999987,7.829334
Kletterger√ºst Waltersbergweg	https://www.google.com/maps/place/48.006723,7.870407
Storchenpaar	https://www.google.com/maps/place/48.004957,7.836192
Metropolis	https://www.google.com/maps/place/48.003175,7.834454
Riesen Eist√ºte	https://www.google.com/maps/place/48.005722,7.82728
Ziehharmonika Relief	https://www.google.com/maps/place/47.994218,7.828705
Stromkasten	https://www.google.com/maps/place/47.987691,7.868824
Zitronenpresse	https://www.google.com/maps/place/48.005698,7.820533
Lehen Erstes Kreuz	https://www.google.com/maps/place/48.019588,7.801909
Kreative Energie	https://www.google.com/maps/place/48.040113,7.859775
Brunnen im EKZ Landwasser 	https://www.google.com/maps/place/48.023701,7.809955
Roter Otto	https://www.google.com/maps/place/48.024719,7.810643
Kunstwerk am Universit√§ts-Notfallzentrum	https://www.google.com/maps/place/48.007975,7.838172
Freiburger Rabe	https://www.google.com/maps/place/47.988755,7.868704
Wappen 1889	https://www.google.com/maps/place/48.008861,7.831575
St. Petrus Church	https://www.google.com/maps/place/48.023263,7.808208
Solare Energiesysteme	https://www.google.com/maps/place/48.008672,7.83437
Baum des Jahres 2011	https://www.google.com/maps/place/47.998704,7.82904
Studentenwohnheim Berliner Allee	https://www.google.com/maps/place/48.003322,7.820544
Marktplatz-Brunnen - Waldkirch	https://www.google.com/maps/place/48.093481,7.961466
Kloster der Herz-Jesu-Priester	https://www.google.com/maps/place/48.010846,7.85795
Springbrunnen	https://www.google.com/maps/place/48.007504,7.830964
Planetarium Freiburg	https://www.google.com/maps/place/47.999188,7.843148
Stone Nut	https://www.google.com/maps/place/48.045769,7.869358
Holbeinplatz	https://www.google.com/maps/place/47.981445,7.845121
Stepping Stones	https://www.google.com/maps/place/47.973686,7.828384
Das Auge	https://www.google.com/maps/place/48.006996,7.835686
Energy Tower Gundelfingen	https://www.google.com/maps/place/48.046016,7.874431
Ger√ºst	https://www.google.com/maps/place/47.988044,7.867338
Fiddlesticks Grafitti Wall	https://www.google.com/maps/place/48.006441,7.820398
Zombie Django	https://www.google.com/maps/place/47.974494,7.826699
Edelsteinschleiferei	https://www.google.com/maps/place/48.096236,7.963233
Kreuzigung Eschholzstra√üe	https://www.google.com/maps/place/47.995983,7.834167
Homestar Runner	https://www.google.com/maps/place/47.997592,7.828333
Bundschuh	https://www.google.com/maps/place/48.017122,7.802287
Statue St√ºhlingerpark	https://www.google.com/maps/place/47.996723,7.837902
Sch√ºtzen 	https://www.google.com/maps/place/47.988088,7.865956
Lehen St. Cyriak Kirche	https://www.google.com/maps/place/48.017492,7.801861
Entenbad Haslach	https://www.google.com/maps/place/47.989657,7.823252
Graffiti	https://www.google.com/maps/place/47.997419,7.836576
H√∂lzerne B√§ume Tor	https://www.google.com/maps/place/48.004736,7.828713
Stolpersteine C.  und L. Judas 	https://www.google.com/maps/place/47.989549,7.866588
Markstein Lehen	https://www.google.com/maps/place/48.017402,7.803796
Kruzifix Stadtstrasse 	https://www.google.com/maps/place/48.00477,7.863389
Steinkringel	https://www.google.com/maps/place/47.987951,7.865073
Graffiti Runzmattenweg	https://www.google.com/maps/place/48.002393,7.825683
Jesuskreuz	https://www.google.com/maps/place/48.095698,7.961448
Bartmann	https://www.google.com/maps/place/47.998718,7.83107
Christliche Missionsgemeinde	https://www.google.com/maps/place/48.01917,7.852971
Brunnen St.Urban	https://www.google.com/maps/place/48.005604,7.86717
Lyc√©e Turenne 	https://www.google.com/maps/place/47.987434,7.866333
Wasserhahn Eschholzpark	https://www.google.com/maps/place/47.9997,7.830456
Brunnenversiegelung	https://www.google.com/maps/place/48.025397,7.804037
Minispielplatz Haslacher Strasse	https://www.google.com/maps/place/47.99619,7.824346
Altes Depot	https://www.google.com/maps/place/48.000977,7.867378
Artistic Box	https://www.google.com/maps/place/47.99695,7.836292
Construction Site Art	https://www.google.com/maps/place/48.000003,7.832486
Phyllobates terribilis	https://www.google.com/maps/place/48.043901,7.877997
Gehlert-Brunnen	https://www.google.com/maps/place/48.029057,7.84395
Haslacher Str	https://www.google.com/maps/place/47.995641,7.824799
Mundenhof 	https://www.google.com/maps/place/48.008939,7.781608
Skater Park	https://www.google.com/maps/place/47.995836,7.78475
Herderner Rammbock	https://www.google.com/maps/place/48.00333,7.861962
Des Nahen Waldes Reine Quelle	https://www.google.com/maps/place/47.987859,7.863784
The Frog	https://www.google.com/maps/place/48.023977,7.809148
Thai Chi Buddha 	https://www.google.com/maps/place/47.996758,7.844517
Weststadion Freiburg	https://www.google.com/maps/place/48.00703,7.825502
Skulptur am Rosengarten	https://www.google.com/maps/place/48.007611,7.824036
Hotel Parking	https://www.google.com/maps/place/47.986951,7.838928
Uni Radio	https://www.google.com/maps/place/48.014015,7.831736
Gazebo West	https://www.google.com/maps/place/48.006519,7.823463
The Eagle	https://www.google.com/maps/place/48.003876,7.853516
Ein Rotes Kreutz	https://www.google.com/maps/place/48.024069,7.794856
HKDM	https://www.google.com/maps/place/47.992825,7.832372
Uni Logo XXL	https://www.google.com/maps/place/48.012724,7.835477
Tischtennis An der Tf	https://www.google.com/maps/place/48.01481,7.831238
Adler 1913	https://www.google.com/maps/place/48.012858,7.833983
Freiburg: Iron Portal	https://www.google.com/maps/place/48.005016,7.854963
Artsy House	https://www.google.com/maps/place/48.008657,7.863259
Eugen Martin Anlage	https://www.google.com/maps/place/48.006716,7.824081
Ohrmuscheln	https://www.google.com/maps/place/47.993115,7.832663
Holzkreuz aus Stein	https://www.google.com/maps/place/48.000994,7.858433
Festung Freiburger Schlossberg - Das Obere Schloss 	https://www.google.com/maps/place/47.996562,7.866182
Naturschutzgebiet Rieselfeld 01	https://www.google.com/maps/place/47.998188,7.784389
Goldenen Hirsch	https://www.google.com/maps/place/48.015481,7.802036
Apotheken Street Art	https://www.google.com/maps/place/47.997177,7.84992
Kultur- und B√ºrgerhaus Denzlingen	https://www.google.com/maps/place/48.068567,7.898108
Zelt Musik Festival	https://www.google.com/maps/place/48.008385,7.780259
Swirl Portal Fabrik	https://www.google.com/maps/place/48.010941,7.855865
Waser Piramid 	https://www.google.com/maps/place/48.007698,7.823779
Jaeger Brunnen	https://www.google.com/maps/place/47.971354,7.852956
Tramtower Skulptur	https://www.google.com/maps/place/48.001141,7.786997
Rail man	https://www.google.com/maps/place/48.014754,7.845807
Erhaltenswertes Grabmal	https://www.google.com/maps/place/48.007897,7.845242
Schn√ºrsenkel	https://www.google.com/maps/place/47.989991,7.841731
Weltkugel	https://www.google.com/maps/place/47.998473,7.858336
Lalli-Brunnen	https://www.google.com/maps/place/48.00768,7.863428
Brunnen am Erlenweg	https://www.google.com/maps/place/47.992767,7.831345
Man and Duck 	https://www.google.com/maps/place/48.005403,7.853027
Rumpelhausen	https://www.google.com/maps/place/47.99389,7.8362
Gr√ºnhof	https://www.google.com/maps/place/47.99413,7.839893
Menschenkreuz	https://www.google.com/maps/place/47.982328,7.888611
Trotte St. Schorsch 	https://www.google.com/maps/place/47.979809,7.794673
Zur Ehre Gottes	https://www.google.com/maps/place/47.980874,7.883157
Spiderweb House	https://www.google.com/maps/place/47.997023,7.819184
Tree of Life	https://www.google.com/maps/place/48.009884,7.839064
Namenlose Dame	https://www.google.com/maps/place/48.010234,7.839715
Bhf. St. Georgen	https://www.google.com/maps/place/47.97569,7.802795
Mund üëÑ Zu	https://www.google.com/maps/place/48.002624,7.859799
Internet Explorer	https://www.google.com/maps/place/48.008267,7.871881
Waldorf Brunnen	https://www.google.com/maps/place/47.974087,7.801215
Baumhaus	https://www.google.com/maps/place/48.011071,7.841748
Jesu Kreuz Andreas	https://www.google.com/maps/place/47.979105,7.808623
K√∂nigliches Entree	https://www.google.com/maps/place/47.994386,7.850206
Mais Man	https://www.google.com/maps/place/48.01348,7.83927
Eingangsw√§chter L√∂wen OBV	https://www.google.com/maps/place/48.025702,7.847411
	https://www.google.com/maps/place/48.00467,7.860334
Engel Nero  	https://www.google.com/maps/place/48.010734,7.840106
Skulpurenkreis	https://www.google.com/maps/place/47.97472,7.801884
Ev. Ludwigskirche Freiburg-Herdern	https://www.google.com/maps/place/48.002167,7.85906
Grabmal des steinernen Baums	https://www.google.com/maps/place/48.010321,7.839993
Deutsche BANK 	https://www.google.com/maps/place/47.99049,7.848384
Z√§hringer Kreuz	https://www.google.com/maps/place/47.984834,7.848152
Mundenhof Jurte	https://www.google.com/maps/place/48.016146,7.777756
Riesenerdbeere	https://www.google.com/maps/place/48.021758,7.839802
Captured Sphaere	https://www.google.com/maps/place/48.010312,7.841415
Stephanusbrunnen 	https://www.google.com/maps/place/47.981106,7.881348
Ritter Martin Malterer 	https://www.google.com/maps/place/48.098924,7.957468
Fat Statue 	https://www.google.com/maps/place/48.004365,7.857326
S√§gem√§nnchen	https://www.google.com/maps/place/47.978626,7.886146
DAV Kletterhalle 	https://www.google.com/maps/place/47.981102,7.818523
Drehdingens	https://www.google.com/maps/place/47.996445,7.817514
Stone Samples 	https://www.google.com/maps/place/47.982908,7.805195
Pl√§tscherbrunnenportal	https://www.google.com/maps/place/47.984565,7.840844
Freibourg	https://www.google.com/maps/place/48.000311,7.858467
Deicheleweiher oder St. Valentin	https://www.google.com/maps/place/47.980148,7.856391
Waldhaus Freiburg	https://www.google.com/maps/place/47.972812,7.841885
Tierversammlung f√ºr die Hauptstrasse	https://www.google.com/maps/place/48.007816,7.85962
Soldiers Sculpture	https://www.google.com/maps/place/48.00578,7.850555
Blindenheim 	https://www.google.com/maps/place/48.007066,7.857566
	https://www.google.com/maps/place/47.970138,7.83941
Sandbrunnen	https://www.google.com/maps/place/48.014085,7.816545
Betzenhausener Wappen	https://www.google.com/maps/place/48.011429,7.809341
Gedenkbrunnen	https://www.google.com/maps/place/48.017047,7.801359
Best Beer in Town	https://www.google.com/maps/place/47.979226,7.819406
Nepomuk	https://www.google.com/maps/place/47.977177,7.798019
Kreuz	https://www.google.com/maps/place/47.993387,7.799036
Red Street Art	https://www.google.com/maps/place/47.994962,7.811718
freiburg: griffin	https://www.google.com/maps/place/47.993335,7.857466
Gedenkstein	https://www.google.com/maps/place/47.97071,7.852224
Kleiner Brunnen am M√ºller	https://www.google.com/maps/place/48.006462,7.846358
Echsenbrunnen	https://www.google.com/maps/place/47.989558,7.857401
Dreisam Badehose	https://www.google.com/maps/place/47.992294,7.837317
Kletterwald	https://www.google.com/maps/place/47.997243,7.780742
Gundelfingen Bell Tower 	https://www.google.com/maps/place/48.038423,7.868675
Evangelische Kirche G√ºnterstal 	https://www.google.com/maps/place/47.96594,7.85695
Stadthalle Freiburg	https://www.google.com/maps/place/47.986879,7.872724
Wegstein Eselsbackenweg	https://www.google.com/maps/place/47.980813,7.85814
Steineule	https://www.google.com/maps/place/47.983131,7.887281
Wei√üer Drache	https://www.google.com/maps/place/48.011294,7.810672
Monument aux morts, Freibourg	https://www.google.com/maps/place/48.009245,7.841794
Herdern Bahnhof	https://www.google.com/maps/place/48.008491,7.851207
Madeira-Fr√∂sche	https://www.google.com/maps/place/48.023464,7.853875
Kampf der Liebenden	https://www.google.com/maps/place/48.006636,7.844233
Kreuz Ebnet 2	https://www.google.com/maps/place/47.98599,7.907836
Segelschiff	https://www.google.com/maps/place/47.987812,7.87544
100 Jahre Gedenkstein Turnverein Waldkirch	https://www.google.com/maps/place/48.089493,7.957989
Stiftkreuz	https://www.google.com/maps/place/47.97829,7.803785
Dreisamhalle Ebnet	https://www.google.com/maps/place/47.984577,7.903754
Jesus Sculpture In The Park	https://www.google.com/maps/place/48.006733,7.858776
Kirche St.  Georgen	https://www.google.com/maps/place/47.981392,7.79354
Copper cross	https://www.google.com/maps/place/47.965494,7.83352
Der Millenium	https://www.google.com/maps/place/48.022625,7.827239
Bunte Kinder	https://www.google.com/maps/place/48.01607,7.803992
St. Anna Kapelle	https://www.google.com/maps/place/47.984776,7.911986
Agentur f√ºr Arbeit	https://www.google.com/maps/place/48.002941,7.831666
Wetzstein 1973	https://www.google.com/maps/place/48.095416,7.961398
Wegweiser J√§germattenweg	https://www.google.com/maps/place/47.981035,7.863434
M√ºnsterspitze G√ºnterstal	https://www.google.com/maps/place/47.962088,7.861815
R√∂hrenkunst	https://www.google.com/maps/place/48.064353,7.879577
Jesus wacht √ºber den Wein	https://www.google.com/maps/place/47.972622,7.805551
Maria und der Drache	https://www.google.com/maps/place/47.987634,7.863947
Kunstraum Heiliggeiststrasse	https://www.google.com/maps/place/48.00447,7.842485
Bunte Wasserrutsche 	https://www.google.com/maps/place/47.993238,7.813152
Spielplatz am Heimatweg	https://www.google.com/maps/place/48.070754,7.902768
Big Table	https://www.google.com/maps/place/47.979914,7.821559
evangelisch-lutherische Kirche	https://www.google.com/maps/place/48.000652,7.858593
Engel mit Kranz	https://www.google.com/maps/place/48.001366,7.858644
Fountain 	https://www.google.com/maps/place/47.965773,7.855637
Glashaus	https://www.google.com/maps/place/47.999345,7.79216
Metal Duck 	https://www.google.com/maps/place/48.037979,7.812036
Storchennest mit L√ºfter	https://www.google.com/maps/place/48.014819,7.780588
Gedenkstein WW2 √ºber Herdern	https://www.google.com/maps/place/48.010093,7.873154
Parallel Stone Lines 	https://www.google.com/maps/place/48.04116,7.871651
Wegweiser J√§germattenweg II	https://www.google.com/maps/place/47.980965,7.85916
Font√§ne	https://www.google.com/maps/place/47.989741,7.904914
Heinz Ritter- Halle	https://www.google.com/maps/place/48.06187,7.842762
Waldgeist	https://www.google.com/maps/place/47.97116,7.913204
MC Black Rider Vereinsheim	https://www.google.com/maps/place/48.081465,7.944825
Energies√§ule	https://www.google.com/maps/place/47.994377,7.811359
Brunnen	https://www.google.com/maps/place/47.997244,7.847833
Kletterpark Waldkirch	https://www.google.com/maps/place/48.088687,7.958693
Mother and Son	https://www.google.com/maps/place/48.01316,7.812516
Drachennest	https://www.google.com/maps/place/47.981165,7.85474
Schmitz Katze	https://www.google.com/maps/place/47.992289,7.832367
Jesus und Maria	https://www.google.com/maps/place/48.104564,7.972679
Gedenkkreuz Bruggastra√üe	https://www.google.com/maps/place/47.985645,7.906257
Long Slide	https://www.google.com/maps/place/47.995424,7.811809
Kornkreis	https://www.google.com/maps/place/47.990767,7.848453
Quercus robur Stieleiche	https://www.google.com/maps/place/47.968875,7.854033
Gebeugter Mann	https://www.google.com/maps/place/48.000876,7.833058
Hotdog	https://www.google.com/maps/place/48.000853,7.813744
Erbaut 1900	https://www.google.com/maps/place/47.990344,7.850153
Hegar Haus	https://www.google.com/maps/place/47.991645,7.844335
Alban Stolz	https://www.google.com/maps/place/47.995152,7.8543
Rundes Wohnhaus	https://www.google.com/maps/place/47.994384,7.835286
Futschikato	https://www.google.com/maps/place/47.995387,7.844636
Mosaikschlange	https://www.google.com/maps/place/48.097072,7.974736
Str√§flingskugel	https://www.google.com/maps/place/48.000668,7.793864
Brunnen Wilhelm Ecke Moltke	https://www.google.com/maps/place/47.993217,7.84284
Post Jahn 2	https://www.google.com/maps/place/47.989416,7.890127
Scuba Diver	https://www.google.com/maps/place/47.995187,7.840964
Schwarzwaldm√§del	https://www.google.com/maps/place/47.989548,7.847529
House of Dwarfs	https://www.google.com/maps/place/47.980805,7.833876
Die Hand	https://www.google.com/maps/place/48.004853,7.823208
Haus Zur Heiligen Barbara	https://www.google.com/maps/place/47.983685,7.894521
Passion	https://www.google.com/maps/place/48.02429,7.81589
Wand Relief Aok	https://www.google.com/maps/place/47.998946,7.847563
Pavillon	https://www.google.com/maps/place/47.995957,7.783479
Abdruck	https://www.google.com/maps/place/48.012116,7.813499
Riesen Rettungsring	https://www.google.com/maps/place/48.007403,7.838655
Morlock Luftschacht	https://www.google.com/maps/place/47.999812,7.856675
Fels im Stadtgarten	https://www.google.com/maps/place/47.997988,7.856749
H√§nsel Und Gretel	https://www.google.com/maps/place/47.998236,7.783691
V√∂rstetten L√∂wen	https://www.google.com/maps/place/48.065186,7.849418
Wein Und Geschichte	https://www.google.com/maps/place/47.973859,7.793146
Gr√ºnspecht	https://www.google.com/maps/place/48.04013,7.817344
Breisacher Tor	https://www.google.com/maps/place/47.992341,7.848052
Eisen Engler	https://www.google.com/maps/place/47.982249,7.801343
Steindrache	https://www.google.com/maps/place/47.997615,7.79691
Warnwolkens√§ule Staudinger S√ºd	https://www.google.com/maps/place/47.990763,7.823909
Mach Es Wie Die Sonnenuhr...	https://www.google.com/maps/place/47.980129,7.78982
Zunfthaus der Narren	https://www.google.com/maps/place/47.996547,7.848488
Weingut Bernhard Sch√§tzle	https://www.google.com/maps/place/48.015954,7.801818
Steinschnecke im Seepark	https://www.google.com/maps/place/48.011414,7.81891
Neuapostolische Kirche	https://www.google.com/maps/place/47.994366,7.812835
Kinder und Jugendtreff Haslach	https://www.google.com/maps/place/47.990611,7.823685
Rotteck	https://www.google.com/maps/place/47.995047,7.84642
TC Freiburg	https://www.google.com/maps/place/47.989532,7.883618
Ritter zur Kastelburg	https://www.google.com/maps/place/48.097693,7.954265
Herzst√ºck	https://www.google.com/maps/place/48.011638,7.807035
Stoned Water Source	https://www.google.com/maps/place/47.982622,7.857594
Brunnen St√§dtepartnerschaft	https://www.google.com/maps/place/48.093997,7.957876
Bewachsener M√ºhlstein	https://www.google.com/maps/place/48.070163,7.8725
Eisstadion	https://www.google.com/maps/place/48.009025,7.826883
Frauenskulptur: Dreifach ist der Schritt der Zeit (Schiller)	https://www.google.com/maps/place/47.997318,7.857049
Badenova Hase	https://www.google.com/maps/place/47.986351,7.802762
Two Camels	https://www.google.com/maps/place/48.008609,7.781614
Graffiti am Westbad	https://www.google.com/maps/place/48.010885,7.823458
Gedenkstein TV St. Georgen	https://www.google.com/maps/place/47.972109,7.810069
Weinkreuz	https://www.google.com/maps/place/47.974508,7.796095
60. Geburtstag	https://www.google.com/maps/place/48.066468,7.881649
Freiburg Golden Statue	https://www.google.com/maps/place/47.995559,7.85173
Blaue Giraffe	https://www.google.com/maps/place/48.013952,7.825402
Bordello Kulturgut	https://www.google.com/maps/place/48.030826,7.843153
Goldener Stiefel 	https://www.google.com/maps/place/47.990814,7.818478
Badenova Springbrunnen	https://www.google.com/maps/place/48.028249,7.846025
Evangelische Pfarrgemeinde Ost	https://www.google.com/maps/place/47.989391,7.874512
Aliens√§ule	https://www.google.com/maps/place/47.985087,7.852776
Nordtrib√ºne Freiburg	https://www.google.com/maps/place/47.989366,7.893636
Lautloser J√§ger Der Nacht	https://www.google.com/maps/place/47.988657,7.851117
Cubes Sculpture	https://www.google.com/maps/place/47.981443,7.893425
Jupiter	https://www.google.com/maps/place/47.990154,7.89273
Playground G√ºnterstal	https://www.google.com/maps/place/47.968131,7.853047
Engelstrasse	https://www.google.com/maps/place/47.996473,7.852825
Gedenkstein Haslach Scherrer Platz	https://www.google.com/maps/place/47.990606,7.819985
Gedenkkreuz des Friedens	https://www.google.com/maps/place/48.012486,7.81645
Hernsteiner & Gyrsie 	https://www.google.com/maps/place/47.993441,7.852666
Doppelherz	https://www.google.com/maps/place/47.973631,7.820224
Freiburg: Sculpture at Schlossberg Parking	https://www.google.com/maps/place/47.994098,7.855688
Bienenhaus	https://www.google.com/maps/place/48.010048,7.782252
H√∂lzerner Hexenreiter	https://www.google.com/maps/place/48.010692,7.779287
Kleiner Brunnen	https://www.google.com/maps/place/48.000599,7.857519
Stahlkunstwerk J√§gerh√§usle	https://www.google.com/maps/place/48.008741,7.871807
Stairway to Heaven	https://www.google.com/maps/place/48.00145,7.791667
Wegweiser Trimmdichpfad	https://www.google.com/maps/place/47.980426,7.855463
Pinguine	https://www.google.com/maps/place/48.071114,7.891603
2000 Meter	https://www.google.com/maps/place/47.981702,7.857034
Kreuz	https://www.google.com/maps/place/47.995207,7.809693
Storchenturm Denzlingen	https://www.google.com/maps/place/48.06926,7.87576
H√§ringerkreuz 	https://www.google.com/maps/place/48.098439,7.980998
Fr-Wiehre Neuapostolische Kirche	https://www.google.com/maps/place/47.986161,7.86367
Kreuz	https://www.google.com/maps/place/47.992695,7.850593
Himbeers√§ule	https://www.google.com/maps/place/47.995144,7.812606
Badenova-Graffiti	https://www.google.com/maps/place/48.024177,7.85514
Pizzeria DAL BLU	https://www.google.com/maps/place/47.992689,7.788979
Halfpipe	https://www.google.com/maps/place/48.032275,7.803769
Schneckenreiterbrunnen	https://www.google.com/maps/place/47.997237,7.846585
Albertus Burse	https://www.google.com/maps/place/47.999006,7.840147
Good Old Machine	https://www.google.com/maps/place/48.039859,7.809004
FT Denkmal	https://www.google.com/maps/place/47.988777,7.884972
Stolpersteine Familie Veit	https://www.google.com/maps/place/47.993666,7.848592
Erdrutsche	https://www.google.com/maps/place/47.996812,7.793336
Rocket	https://www.google.com/maps/place/47.990851,7.837593
Holzkopf	https://www.google.com/maps/place/47.972901,7.843058
Red Metal Art	https://www.google.com/maps/place/47.992107,7.857966
Sitzender Mann	https://www.google.com/maps/place/47.995321,7.853949
Br√ºckenkopf	https://www.google.com/maps/place/47.996997,7.838719
Badenovah√§uschen 2	https://www.google.com/maps/place/47.987811,7.827452
French Army Decoration	https://www.google.com/maps/place/48.013169,7.833167
Technische Fakult√§t Geb. 52	https://www.google.com/maps/place/48.014136,7.833949
Dead Forest 	https://www.google.com/maps/place/48.010934,7.854811
Institut f√ºr Psychologie	https://www.google.com/maps/place/47.997178,7.833666
Holzstiere	https://www.google.com/maps/place/47.991229,7.893602
Neuapostolische Kirche	https://www.google.com/maps/place/48.066167,7.901543
Die gro√üe Holzeule	https://www.google.com/maps/place/47.997706,7.777518
Wegkreuz Wildtal	https://www.google.com/maps/place/48.03048,7.867669
Redwood 	https://www.google.com/maps/place/47.967459,7.837617
Wigwam	https://www.google.com/maps/place/47.976128,7.817982
Eiger Nord Kletterhalle	https://www.google.com/maps/place/48.028144,7.854534
Chang Thai	https://www.google.com/maps/place/47.994006,7.851396
Die Grille	https://www.google.com/maps/place/47.99874,7.83029
Spielplatz	https://www.google.com/maps/place/47.992395,7.805106
Kinder Galaxy	https://www.google.com/maps/place/47.982595,7.810257
Brunnen Merianstrasse	https://www.google.com/maps/place/47.99748,7.849569
St√§hlerner Albatross	https://www.google.com/maps/place/48.001341,7.823366
Mrzh. Dorfmitte Fontana	https://www.google.com/maps/place/47.965552,7.827419
Eselreiterin	https://www.google.com/maps/place/48.010827,7.826015
Museum f√ºr Neue Kunst	https://www.google.com/maps/place/47.992497,7.852349
Festung Schlo√überg	https://www.google.com/maps/place/47.993336,7.856167
Copy Cat	https://www.google.com/maps/place/47.980684,7.89672
Kastaniengarten	https://www.google.com/maps/place/47.992819,7.855681
Gedenkstein Talstra√üe	https://www.google.com/maps/place/47.988918,7.852383
Forsthaus Seepark	https://www.google.com/maps/place/48.009972,7.81673
Terrassenbrunnen Mundenhof	https://www.google.com/maps/place/48.015228,7.777428
Kreuz Dietenbachsee	https://www.google.com/maps/place/48.000243,7.801922
Cemetary South Gate	https://www.google.com/maps/place/48.005686,7.843191
Freiburg Flower Fountain	https://www.google.com/maps/place/48.000562,7.846078
Kindergarten St. Blasius	https://www.google.com/maps/place/48.022082,7.86222
Hobbithaus	https://www.google.com/maps/place/48.011858,7.82092
Upside Down Bear	https://www.google.com/maps/place/47.978545,7.830251
Festung Freiburger Schlossberg	https://www.google.com/maps/place/47.993681,7.8622
Weingarten Markt	https://www.google.com/maps/place/47.994225,7.810125
Weinfass	https://www.google.com/maps/place/48.068695,7.876299
Pagode am Mundenhof	https://www.google.com/maps/place/48.011028,7.779911
Brunnen Mauracher Berg	https://www.google.com/maps/place/48.070465,7.887567
Leo Bloch - Kurt & Carla Lindemann Stolpersteine	https://www.google.com/maps/place/47.997049,7.834516
B√§ckerei B√ºhler	https://www.google.com/maps/place/47.986898,7.850582
Weisser Kopf Stadtgarten	https://www.google.com/maps/place/47.998481,7.857003
G√§steeingang	https://www.google.com/maps/place/47.988138,7.893205
Conni Statue	https://www.google.com/maps/place/47.983522,7.797318
Noch Ein Kreuz	https://www.google.com/maps/place/47.973997,7.794038
Denkmal 1. Weltkrieg 	https://www.google.com/maps/place/48.103374,7.972191
Stoned Lambda	https://www.google.com/maps/place/47.999018,7.838406
Sonnenuhr	https://www.google.com/maps/place/47.97872,7.81101
Waldbrunnen 	https://www.google.com/maps/place/47.971219,7.84
Man With Arm	https://www.google.com/maps/place/47.979171,7.827973
Old Church Remnants 	https://www.google.com/maps/place/48.002345,7.858512
S√§ule der Toleranz, Freiburg	https://www.google.com/maps/place/47.993614,7.852116
Freiburg ¬∑ Colombischl√∂ssle ¬¶ 	https://www.google.com/maps/place/47.997749,7.846241
C.A.Hoffmann	https://www.google.com/maps/place/47.992895,7.861819
3 S√§ulen	https://www.google.com/maps/place/47.980258,7.888919
Street Octopus	https://www.google.com/maps/place/47.993002,7.846544
Am√∂be	https://www.google.com/maps/place/47.976549,7.825817
Fuchs Eichh√∂rnchen und Wildschwein	https://www.google.com/maps/place/48.019236,7.816811
1400	https://www.google.com/maps/place/48.01166,7.818276
Drei Sitzende Aus Stein	https://www.google.com/maps/place/47.981536,7.903324
Icecream Mariotti	https://www.google.com/maps/place/47.989252,7.843076
Kirche Light	https://www.google.com/maps/place/48.013136,7.821221
Eulenskulptur im Stadtgarten	https://www.google.com/maps/place/47.997588,7.857315
Fraxinus Exelsior	https://www.google.com/maps/place/47.969988,7.839202
Elementarstein der Wiehre	https://www.google.com/maps/place/47.9846,7.849126
Tabak Graffiti 	https://www.google.com/maps/place/47.993829,7.840982
JE SUIS CHARLIE Freiburg	https://www.google.com/maps/place/47.991069,7.855467
Grafitti-Wall	https://www.google.com/maps/place/48.014966,7.816588
Insektenhotel	https://www.google.com/maps/place/48.048474,7.877708
Taubenschlag im Seepark	https://www.google.com/maps/place/48.012792,7.816642
Steckdosenmann	https://www.google.com/maps/place/47.990612,7.845593
Freiburg Knights Ballpark - Homeplate	https://www.google.com/maps/place/48.002337,7.807678
1000-Jahr-Feier Brunnen	https://www.google.com/maps/place/48.069736,7.886868
Uhrentor	https://www.google.com/maps/place/47.974571,7.827127
Schlossberg Historischer Rundgang	https://www.google.com/maps/place/47.995391,7.863239
Botanischer Garten	https://www.google.com/maps/place/48.008877,7.855532
Alter Brunnen in Freiburg	https://www.google.com/maps/place/47.997836,7.843024
Heiliger Nepomuk am Marktplatz Waldkirch	https://www.google.com/maps/place/48.092955,7.962452
Wurm Park	https://www.google.com/maps/place/48.006683,7.837325
Omega Electronic	https://www.google.com/maps/place/47.9982,7.835794
Kugel Am Klinik Casino	https://www.google.com/maps/place/48.006799,7.834282
Ziegelhofbrunnen	https://www.google.com/maps/place/48.089656,7.961556
Die 3 F√§sser	https://www.google.com/maps/place/47.977991,7.791263
White Lions	https://www.google.com/maps/place/48.011305,7.81123
Erkerkunst	https://www.google.com/maps/place/47.995065,7.852724
Brezell√∂wen Freiburg	https://www.google.com/maps/place/47.995078,7.842408
Elztalmuseum Waldkirch	https://www.google.com/maps/place/48.09091,7.962491
Cork Screw	https://www.google.com/maps/place/47.993175,7.84586
Frauenwerk	https://www.google.com/maps/place/47.994708,7.856073
Aztec	https://www.google.com/maps/place/47.995401,7.848581
Gedenkst√§tte	https://www.google.com/maps/place/47.988462,7.904503
Herz-Jesu-Kirche	https://www.google.com/maps/place/47.996897,7.837463
Freiburg: The Red Tower	https://www.google.com/maps/place/47.994155,7.859298
Eulenbrunnen	https://www.google.com/maps/place/48.002309,7.854294
Kaltenbach Kreuz	https://www.google.com/maps/place/48.006457,7.841885
Messer und Gabel	https://www.google.com/maps/place/48.009916,7.843858
Rau-Brunnen Kartoffelmarkt Freiburg	https://www.google.com/maps/place/47.9968,7.851028
Bushaltestelle Siegesdenkmal 	https://www.google.com/maps/place/47.997955,7.8525
Nicht Die Nachtigall	https://www.google.com/maps/place/48.00961,7.811496
Wiehre Ritter	https://www.google.com/maps/place/47.981666,7.848055
Woher kommt das Trinkwasser 	https://www.google.com/maps/place/47.982366,7.905754
Kanaldeckel	https://www.google.com/maps/place/47.993961,7.847281
Kastelburg Ruine Waldkirch	https://www.google.com/maps/place/48.097226,7.957559
Gymnasium Tortur Platz	https://www.google.com/maps/place/48.014176,7.823942
Berlinische Feuer-Versicherungs-Anstalt	https://www.google.com/maps/place/47.999043,7.846873
Baumaschine aus dem Mittelalter	https://www.google.com/maps/place/47.994257,7.852907
Ave Maria 	https://www.google.com/maps/place/48.009468,7.846388
Rutschenturm	https://www.google.com/maps/place/48.002576,7.844275
Braunkohlewaldschautafel	https://www.google.com/maps/place/47.973652,7.849002
Annaplatz Brunnen 	https://www.google.com/maps/place/47.98539,7.846117
Freiburger Mundenhof - Spendenaffe	https://www.google.com/maps/place/48.015463,7.779123
Bertoldsbrunnen	https://www.google.com/maps/place/47.994865,7.849817
Brunnen	https://www.google.com/maps/place/47.990522,7.84996
Stolpersteine Neumark Und Meyer	https://www.google.com/maps/place/47.991679,7.852201
Leuchtballon Am Hauptbahnhof	https://www.google.com/maps/place/47.995658,7.838984
Die Welle	https://www.google.com/maps/place/48.001083,7.832787
Alter G√ºterbahnhof	https://www.google.com/maps/place/48.010754,7.848447
R2D2	https://www.google.com/maps/place/47.995715,7.843792
Mosaik Muschel	https://www.google.com/maps/place/48.009526,7.828959
Mondo	https://www.google.com/maps/place/47.985408,7.838543
Den Fliegeropfern des Krieges	https://www.google.com/maps/place/48.009047,7.843324
Volleyball-Platz am Wald3eck	https://www.google.com/maps/place/47.995729,7.786461
Brunnen vor der Volksbank	https://www.google.com/maps/place/48.067934,7.886754
Bierh√§usle	https://www.google.com/maps/place/48.01516,7.802505
Bursengang	https://www.google.com/maps/place/47.995623,7.84914
L.Jahn	https://www.google.com/maps/place/47.989185,7.888986
Mutter&Kind Relief	https://www.google.com/maps/place/47.993965,7.829452
Holzkl√§nge 	https://www.google.com/maps/place/48.087599,7.957003
Advent Kapelle	https://www.google.com/maps/place/47.985318,7.849626
Salamanderstein	https://www.google.com/maps/place/47.986944,7.865463
Skulptur An Der Katholischen Hochschule	https://www.google.com/maps/place/48.003889,7.856966
Das Krokodil	https://www.google.com/maps/place/47.99309,7.85295
Insektenhotel an Der Dreisam	https://www.google.com/maps/place/47.990757,7.891812
Happy House 	https://www.google.com/maps/place/47.978594,7.803537
E - Werk	https://www.google.com/maps/place/47.99414,7.833312
Respektlose V√∂gel :-)	https://www.google.com/maps/place/47.990778,7.854396
Rusty Cube in Freiburg	https://www.google.com/maps/place/48.010833,7.848055
Steinstatue Frau	https://www.google.com/maps/place/48.070915,7.899578
Steinstatue W√§scheklammer	https://www.google.com/maps/place/48.070296,7.899122
Kraut und R√ºben im Eschholzpark	https://www.google.com/maps/place/47.998619,7.828737
Skulptur am Dorfbrunnen	https://www.google.com/maps/place/47.991533,7.815795
Sonnenuhr Alles Braucht Zeit	https://www.google.com/maps/place/47.998684,7.858284
Kreuz	https://www.google.com/maps/place/48.022304,7.801538
Finkenschlag	https://www.google.com/maps/place/47.990684,7.813867
900 Years Ebnet 	https://www.google.com/maps/place/47.987026,7.897496
Aphrodite	https://www.google.com/maps/place/47.993998,7.849224
J√§gerbrunnen	https://www.google.com/maps/place/47.970978,7.851869
Kirche Herdern 	https://www.google.com/maps/place/48.006946,7.863863
Panorama	https://www.google.com/maps/place/48.013889,7.81427
3 Etagen Brunnen	https://www.google.com/maps/place/48.06793,7.893415
Pyramide Uniklinikum	https://www.google.com/maps/place/48.006848,7.837195
Gedenkbrunnen Heitereweg	https://www.google.com/maps/place/48.095611,7.955319
Welcome	https://www.google.com/maps/place/47.993094,7.848005
Betzenhauser Torplatz	https://www.google.com/maps/place/48.01092,7.811745
Purpur Tentakel	https://www.google.com/maps/place/48.009001,7.814685
Kinderbrunnen	https://www.google.com/maps/place/48.006173,7.840357
Alter Zuckerhut	https://www.google.com/maps/place/47.994817,7.855315
M√ºlhauser St√ºble	https://www.google.com/maps/place/48.012029,7.827192
Umgedrehtes Ei 	https://www.google.com/maps/place/48.01545,7.777648
Kunst Am Bach	https://www.google.com/maps/place/47.992711,7.8401
Dschungel	https://www.google.com/maps/place/47.981069,7.895431
Lehen Mosaik	https://www.google.com/maps/place/48.013037,7.821698
Urknall	https://www.google.com/maps/place/48.001564,7.850817
Riesenl√∂we	https://www.google.com/maps/place/48.038968,7.863461
Snakehead	https://www.google.com/maps/place/48.001436,7.832521
Colombipark	https://www.google.com/maps/place/47.997615,7.846739
Ritter Hermann von Sulz 	https://www.google.com/maps/place/48.09703,7.956299
S√ºdwestlicher Brunnen	https://www.google.com/maps/place/48.009459,7.838625
Italienische Brunnen	https://www.google.com/maps/place/48.010623,7.811255
V√∂rstetten - Kirche am Friedhof	https://www.google.com/maps/place/48.064455,7.849304
Carlo Schmid	https://www.google.com/maps/place/48.010337,7.827699
Dark Fortress	https://www.google.com/maps/place/47.995678,7.860635
Geoinstitut	https://www.google.com/maps/place/48.002301,7.847976
BD Crew	https://www.google.com/maps/place/48.01076,7.821369
Facade Sculptures	https://www.google.com/maps/place/47.995251,7.853251
Alte Presse	https://www.google.com/maps/place/47.982548,7.803958
Kriegsdenkmal	https://www.google.com/maps/place/48.064636,7.849771
Sacktr√§gerbrunnen	https://www.google.com/maps/place/48.064973,7.890519
Kanonikatshaus Waldkirch	https://www.google.com/maps/place/48.092053,7.963812
Mensa Rempartstra√üe Mural	https://www.google.com/maps/place/47.992512,7.846348
S√§ngerruhe	https://www.google.com/maps/place/47.969263,7.803072
Maria voller Tr√§nen	https://www.google.com/maps/place/48.002399,7.860233
Herdern Dorfbrunnen	https://www.google.com/maps/place/48.007075,7.86356
Hydrantman	https://www.google.com/maps/place/48.0421,7.868031
Kirchenglocken von 1921	https://www.google.com/maps/place/48.00594,7.833276
Blaue Skulptur	https://www.google.com/maps/place/47.992169,7.841201
Heiliger Josef Schutzpatron des Kolping	https://www.google.com/maps/place/47.998809,7.855048
Wappen Stadt Wien	https://www.google.com/maps/place/48.007945,7.855189
Walddenkmal am Wolfswinkel	https://www.google.com/maps/place/48.022338,7.823282
Wisteria Wasserburg	https://www.google.com/maps/place/48.009054,7.820512
Freiburg: Tree Sculpture	https://www.google.com/maps/place/47.993119,7.857073
Die Hoffnung Ist Blau	https://www.google.com/maps/place/47.980793,7.889535
Evangelische Kirche Der Uniklinik Freiburg	https://www.google.com/maps/place/48.007296,7.839031
Prisons Head 	https://www.google.com/maps/place/48.002864,7.85163
Waldeck Rondell	https://www.google.com/maps/place/47.980753,7.849551
Siedlergemeinschaft	https://www.google.com/maps/place/48.013757,7.817593
Mitscherlich Kapelle 	https://www.google.com/maps/place/48.008544,7.844708
Giraffen	https://www.google.com/maps/place/47.987432,7.844474
Fountain Fish	https://www.google.com/maps/place/48.009476,7.858605
Vogelhaus am Stadtrainsee	https://www.google.com/maps/place/48.088766,7.957476
Freiburg Basler Hof	https://www.google.com/maps/place/47.996538,7.851769
Kinderstatuen	https://www.google.com/maps/place/48.006058,7.840085
Reblauszunft Statue	https://www.google.com/maps/place/47.978592,7.811319
Carl Mez Gedenktafel	https://www.google.com/maps/place/47.996773,7.853938
Hexenpilz	https://www.google.com/maps/place/47.971329,7.84226
Caf√© Corosol	https://www.google.com/maps/place/47.994467,7.834586
Verschmutzung verboten	https://www.google.com/maps/place/48.011784,7.854538
Secret Opal-Cubes	https://www.google.com/maps/place/48.001058,7.844837
Gedenksteine	https://www.google.com/maps/place/47.997563,7.844755
Springbrunnen mit Reiher	https://www.google.com/maps/place/48.005877,7.838562
Stolpersteine Jakob und Jette Model	https://www.google.com/maps/place/47.986066,7.845432
F√ºrstenberg Graffiti	https://www.google.com/maps/place/48.068642,7.88221
Kleiner Flu√ü mit Enten und Fischfliesen 	https://www.google.com/maps/place/48.007487,7.856493
Dipylon im botanischen Garten	https://www.google.com/maps/place/48.00937,7.857351
Noch mehr Graffiti	https://www.google.com/maps/place/47.976537,7.81239
T-Rex	https://www.google.com/maps/place/48.064834,7.891418
verarmter Kunde vor der Commerzbank	https://www.google.com/maps/place/47.992951,7.848859
Hirschen Brauerei	https://www.google.com/maps/place/48.088967,7.959268
Schneggi	https://www.google.com/maps/place/48.024332,7.803915
Jaguar Etxea Estatua	https://www.google.com/maps/place/47.9881,7.78841
Droste H√ºlshoff Gymnasium	https://www.google.com/maps/place/48.010528,7.861613
Brunnen Franz-Geiler-Platz	https://www.google.com/maps/place/47.999818,7.834771
Stolperstein A. W. Algner	https://www.google.com/maps/place/48.014714,7.803566
Schlussstein vom Tor der Freiburger Munze	https://www.google.com/maps/place/47.994437,7.854202
Steinschildkr√∂te	https://www.google.com/maps/place/47.999154,7.854442
Wieviel Wasser Braucht Der Mensch	https://www.google.com/maps/place/47.984062,7.902077
Compass Rose Mosaic 	https://www.google.com/maps/place/47.997532,7.847761
Lovely Fountain 	https://www.google.com/maps/place/47.990895,7.845747
Pferd In Garage	https://www.google.com/maps/place/48.093911,7.968671
Wandbild mit Kirche	https://www.google.com/maps/place/47.993826,7.853583
UFO im Kornfeld	https://www.google.com/maps/place/48.008114,7.777971
Brunnen in der Lange Strasse	https://www.google.com/maps/place/48.095997,7.963082
Stolpersteine Rosenthal	https://www.google.com/maps/place/47.995837,7.849748
Pinus Silvestris	https://www.google.com/maps/place/47.97033,7.839774
Brunnen Friedrich-Ebert-Platz	https://www.google.com/maps/place/48.003278,7.841555
Balcony Puppets Jugendzentrum	https://www.google.com/maps/place/47.994595,7.833642
Steingarten der Geologie	https://www.google.com/maps/place/48.00243,7.847189
Sch√ºlerkunst	https://www.google.com/maps/place/47.990193,7.873021
Pharmaforte	https://www.google.com/maps/place/48.001577,7.84648
Oberlinden 1	https://www.google.com/maps/place/47.99398,7.853796
Waage	https://www.google.com/maps/place/47.99959,7.838374
Wasserspeier	https://www.google.com/maps/place/47.993248,7.850352
Cross with Benches	https://www.google.com/maps/place/47.968141,7.909961
Geist Schafft Leben	https://www.google.com/maps/place/48.002708,7.85316
Zum Gr√ºnen Baum	https://www.google.com/maps/place/48.068087,7.881913
Karlsbau Springrunnen	https://www.google.com/maps/place/47.997326,7.855327
M√ºnster	https://www.google.com/maps/place/47.995719,7.852921
Keep Reading Mosaik	https://www.google.com/maps/place/47.99521,7.846992
West Stadion Portal	https://www.google.com/maps/place/48.005906,7.82547
Platz der alten Synagoge	https://www.google.com/maps/place/47.994506,7.84605
M√ºhlstein	https://www.google.com/maps/place/48.008897,7.805712
Forest Temple	https://www.google.com/maps/place/47.996972,7.870494
Affe und Eule - Brunnen	https://www.google.com/maps/place/47.983619,7.829663
The Red X	https://www.google.com/maps/place/47.993377,7.838783
Stonehead	https://www.google.com/maps/place/47.985727,7.815339
Mosaik Kunst	https://www.google.com/maps/place/47.99679,7.845861
Brunnen Egon Ecke Antoniter 	https://www.google.com/maps/place/48.000582,7.835768
Unser Wald	https://www.google.com/maps/place/47.97087,7.837378
L√∂we aus Stein	https://www.google.com/maps/place/47.987587,7.801211
Balkongesichter	https://www.google.com/maps/place/47.997485,7.794634
Man In Stone	https://www.google.com/maps/place/48.013451,7.846344
BSZ Waldkirch	https://www.google.com/maps/place/48.093176,7.952247
Emil-G√∂tt-Schule	https://www.google.com/maps/place/48.021748,7.859499
Sp√ºren Im WALD 	https://www.google.com/maps/place/48.087607,7.957541
Stieleiche (Naturdenkmal)	https://www.google.com/maps/place/48.04447,7.863889
Ebneter B√ºcherhaus 2014	https://www.google.com/maps/place/47.987842,7.905547
L√∂wen	https://www.google.com/maps/place/47.97697,7.911575
Lederleplatz	https://www.google.com/maps/place/47.999447,7.83881
Historic Locomotive	https://www.google.com/maps/place/47.987432,7.832
Weiherhof Schule	https://www.google.com/maps/place/48.004923,7.861059
Christuskirche	https://www.google.com/maps/place/47.987081,7.8494
Sonnenuhr	https://www.google.com/maps/place/48.012267,7.817572
Lutherkirche 	https://www.google.com/maps/place/48.003582,7.840954
Gravekeeper	https://www.google.com/maps/place/48.006586,7.843881
Towers	https://www.google.com/maps/place/47.996466,7.840191
Aeskulap	https://www.google.com/maps/place/48.00324,7.838554
Ebnet SVE	https://www.google.com/maps/place/47.984172,7.904719
Tell Backport	https://www.google.com/maps/place/47.998154,7.836761
Ooomnomnooomm!	https://www.google.com/maps/place/48.004009,7.7927
Hangman	https://www.google.com/maps/place/47.981548,7.900206
O & X	https://www.google.com/maps/place/48.012052,7.822531
Regierungspr√§sidiums-Bogen	https://www.google.com/maps/place/48.002475,7.823902
Evangelische Kreuzkirche	https://www.google.com/maps/place/47.997769,7.830667
Snoopy Wappen Freiburg	https://www.google.com/maps/place/48.004161,7.829375
alter Brunnen	https://www.google.com/maps/place/48.023891,7.863368
Bloch Stolpersteine	https://www.google.com/maps/place/47.9939,7.843667
Solar Energy Educational Working Station	https://www.google.com/maps/place/47.999342,7.845794
Pfffff!	https://www.google.com/maps/place/48.01074,7.806564
Brunnen Z√§hringer Tor	https://www.google.com/maps/place/48.012467,7.854163
Stoned River 	https://www.google.com/maps/place/48.000245,7.827484
Little Stonehenge	https://www.google.com/maps/place/47.999254,7.785243
Bahnhof Kollnau	https://www.google.com/maps/place/48.101153,7.973886
Mary's Statue 	https://www.google.com/maps/place/48.000655,7.855058
Adolf und Babette Heim 	https://www.google.com/maps/place/47.99416,7.882081
Maria Skulptur am Schwarzenberg	https://www.google.com/maps/place/48.08826,7.962026
Schnecke	https://www.google.com/maps/place/48.069838,7.896612
It's a Jungle out There Mural 	https://www.google.com/maps/place/48.004537,7.859547
Skatepark	https://www.google.com/maps/place/48.097566,7.960696
