Holzturm im Seepark - Freiburg;48.011261;7.820263
Geschwungener Brunnen;47.974758;7.825413
Pfarrheim Ebnet ;47.988333;7.906158
Mooswaldbrunnen;48.014675;7.824283
Geologisches Profil;48.013322;7.818347
St. Franziskus;47.989069;7.904957
Waage Waldkirch ;48.103269;7.974873
Forellenbrunnen Merzhausen;47.966434;7.824552
Kein Trinkwasser;48.096825;7.969706
Evangelische Johanneskirche Merzhausen;47.96831;7.827822
Lurchi-Brunnen;47.975381;7.823571
Der Hahn;47.97423;7.82538
Heiligtum Der Berufung;47.966335;7.819657
Old Timer;48.011903;7.824464
300;48.01049;7.816338
Nashorn;47.974256;7.818121
Abenteuer Spielplatz;47.990445;7.87405
Katholische Kirche;48.015766;7.815094
Cross at a Crossing;47.966055;7.828599
Cross of Kappel;47.964854;7.908129
NOLL TURM;48.031673;7.842588
St. Pankratius Kirche;48.081322;7.917595
Go-West-Ranch;48.052717;7.856603
Bleistift - Giant Colored Penc;48.013307;7.814244
Schiffsbr√ºcke;48.07241;7.907707
Maria Mit Kind 1981;48.096396;7.96878
Brunnen Im Jesuiten;47.966258;7.817442
M√ºhlenrad;48.080735;7.919023
DFG Pavilion;47.989989;7.873879
Waldmenschenreich;47.969775;7.845655
Andachtskapelle St. Barbara ;47.992077;7.884745
New Omega ;47.973454;7.818556
Hasemannstrasse ;47.986463;7.884077
Waldmensch Schneewittchen;47.970887;7.843907
Stone Tower;48.009258;7.847196
Wendelturm im Seepark;48.01154;7.814762
Weingott;48.011053;7.819498
Baral Frau;48.074284;7.877844
Rusty Venus;48.010229;7.857315
Schneckenturm;48.010294;7.82122
Stammbaum Der Bl√ºtenpflanzen;48.009307;7.856898
Pokals√§ule;48.00946;7.844928
Pontonbr√ºcke;48.00966;7.819694
Spanischer Kultur und Sportverein e. V;48.011803;7.852089
Eisb√§r;48.012244;7.851789
Ki Ta Biolono;48.009926;7.856977
Living Tree Murale;48.017438;7.857108
Schwarz - Wei√ü ;48.010456;7.856214
Friedhof Brunnen Nord;48.010574;7.842539
Personen-Sonnenuhr;48.012344;7.813319
Krematorium Freiburg;48.009922;7.844799
Destroyed Olympia;47.995951;7.845727
Bodenkompass;48.009392;7.821655
Katholische Pfarrkirche St. Josef;48.102893;7.97145
Stolpersteine J. Und L. Reichmann ;47.987655;7.853394
Brunnen im Ortskern;48.105086;7.972598
Zwillings L√∂wen vor dem Gasthaus zum Kreuz;48.096197;7.963665
Albert-Schweitzer-Schulzentrum;48.041104;7.870891
Wiatrak;48.010781;7.827807
VII. Jesus f√§llt das zweite Mal;47.981732;7.837622
Solarturm im Seepark;48.008758;7.82192
Kirche Jesu Christi Der Heiligen Der Letzten Tage;47.994929;7.824242
Bischofskreuz ;48.005731;7.819824
Hexenhaus mit Hundeh√ºtte;48.024739;7.848155
Gedenk-Brunnen;48.009015;7.845191
Lochstein;48.010977;7.820843
Freiburg: Woman with Children;48.013726;7.85668
Besan√ßon Landesgartenschau 1986;48.009897;7.821903
Zebra Art;47.996621;7.79425
1898;47.993561;7.851226
Fort Knox;47.992006;7.856715
Obere-Linde Memorial;47.993689;7.854581
Alban Cat;47.993989;7.854612
Hokus Pokus Beat;47.991594;7.827222
Kletterger√ºst Haslach ;47.992243;7.827695
Kieser Training;47.994125;7.850302
Skulptur Am Landgericht;47.994694;7.851815
Metal Cloud;47.992138;7.824948
Tiny Brick House on Top of a House ;47.995402;7.851152
Muschel;47.992749;7.791603
Historisches Geb√§ude M√ºnsterbauverein;47.995502;7.854144
Jugendarbeit Weingarten ;47.994096;7.815105
Krozinger Stra√üe 80 ;47.993661;7.814585
Tulpen;47.995439;7.850358
Gold and green;47.993651;7.853841
The Lighter;47.986295;7.815996
Brunnen Kart√§userstrasse;47.991727;7.859707
Spieloffensive;47.993362;7.814435
Kreuz St. Michael;47.990335;7.820992
Town Archive;47.994398;7.850862
Silbergruben - Kiesgrubenweg ;47.991507;7.782959
Wooden Tower;48.010331;7.850572
Schmetterling;48.012156;7.821916
Bender Head at Westbad;48.011354;7.82278
Freiburg: Schlossberg cross;47.994258;7.857976
Biergarten;47.992984;7.788482
Kreuz vor der Baptisten-Gemeinde;48.006287;7.850248
Pencil Case;47.986247;7.816812
Monolith;47.989142;7.7943
Badenova H√§uschen;47.993731;7.821809
Tree Cut;48.008638;7.85857
Ludwigs-Hoehe;47.993678;7.858235
Staudinger S√§ule Nord;47.992561;7.825431
Kopfloser Nick;47.987131;7.847922
Mein Baby;47.992475;7.854519
Alte Universit√§t ;47.995254;7.847691
Freiburg nach dem Schneefall ¬¶;47.99248;7.853723
Freiburg: Golden Bear;47.99334;7.853992
Stolperstein Dr Hans Pollock;47.986658;7.847167
Brunnen Schwabentorring;47.991241;7.85435
Calvary Chapel;47.994082;7.847908
Schneckenbrunnen Spemannplatz;47.971591;7.837683
Mach Blau;48.074239;7.900382
Balanceakt;47.991124;7.878989
Engels Wappen;47.984548;7.837729
Place De La Petanque;48.07328;7.903657
Blume;47.995072;7.848977
Kreuz auf der Haid;47.988986;7.785175
B√§rchen23;47.995823;7.835137
Gro√ües Rad;47.991711;7.793943
Donald Duck Graffiti ;48.09692;7.965187
Steini Schlumpf;47.99465;7.859618
Majim Steg;47.987469;7.903327
Lehen;48.0166;7.801058
Arachnides Kinderfang Netz;47.990967;7.879178
Crazy Wall ;47.992609;7.83305
Totes Gleis ;47.976384;7.817444
Weingarten Wappen;47.99434;7.810533
Broken Concrete Sculpture;48.033745;7.851061
Frau Mit Kind;48.009288;7.840731
Aussichtspunkt ;48.010411;7.869904
Auferstehungs-Gemeinde;47.983515;7.897535
Nadelwald Tattoo ;47.988718;7.867096
Kinder Skulptur Am Stadtrainsee;48.0892;7.957628
Pferd;47.994431;7.853708
Karma Buddha;47.996318;7.844359
Zu unser Frauen Berg;47.996105;7.84817
Dionysos;47.98835;7.846017
Erzbischofskirche;47.994932;7.853788
Spielplatz ;48.02406;7.861133
Brunnen In Der Passage;47.995467;7.849663
Kaiser Joseph Str. Brunnen;47.991178;7.848283
Regenbogen Stift;48.03914;7.811846
Katze;47.991231;7.846571
Schattenstein;48.003313;7.817049
Trojanisches Pferd ;48.011766;7.782297
Kaffee Time Out ;47.988811;7.849838
Kunstruine;47.992217;7.849777
St√§tische Kinderschule;48.092712;7.96129
Kornkreis;47.989937;7.847972
Gottesackerkapelle;48.02195;7.861134
Halfpipe Dietenbachpark;48.002522;7.804419
Steinskulptur;47.99367;7.846899
Graffiti Dreisam-Unterf√ºhrung;47.990829;7.84399
Lebens Portal;47.990328;7.857221
Mundenhof Spieldrache;48.013358;7.782267
Jesuskreuz;48.020328;7.862371
Alien Flat ;48.029677;7.809013
;47.990043;7.851866
Altstadtbrunnen;47.995875;7.847885
Aristoteles;47.993675;7.846064
Gertrud Luckner Stolperstein;47.988965;7.846101
Bildstock St. Margarethe;48.091669;7.962503
Graffiti Unterf√ºhrung ;47.989315;7.858823
The Pipe;48.001751;7.80616
Anker;47.992421;7.851521
Drunk Monk Street Art;47.993371;7.850858
Rathaus Waldkirch;48.091708;7.961742
LKW Mann;48.039507;7.808133
Bloody Mary ;47.993348;7.848933
Sleeping  Man;47.989107;7.850637
Arche Noah ;48.012842;7.782718
Zaehringen Tower Murale ;48.022922;7.861664
Tischtennis mit Graffiti;48.02078;7.860443
Kronenpokal;47.989293;7.843808
25 Jahre Landwasser;48.028679;7.805132
Paulussaal Freiburg;47.991079;7.849307
Steinmann Gundelfingen;48.040243;7.865339
Gr√ºne Pumpe;48.000513;7.852121
Freiburg Synagoge;47.996354;7.853567
B√ºrgerhaus;48.019354;7.858367
Badisches Mosaik;47.985363;7.828434
Rottecksruhe;48.000227;7.856665
Hebsackwiesen;48.009221;7.86663
Mosaik;47.996705;7.847366
Freiburg: Wave Portal;47.996606;7.850774
Ebnets Bauernh√∂fe;47.986273;7.905915
Wasserspeier Zentralhotel;47.997415;7.851505
Kaiserstier;47.996872;7.851845
St. Nepomuk ;47.987371;7.896606
Goldhuus;47.998008;7.854229
Festung Freiburger Schlossberg - Die Peterskirche;47.997431;7.867329
Wine in the City;47.99703;7.845898
KTS;47.986006;7.831103
Freiburg: Column Portal ;48.000302;7.852308
Sonnenuhr & Uhr - f√ºr Regentage;47.999584;7.845498
;48.003151;7.845024
Sikawild ;48.08614;7.958198
kleines Steinportal;48.007788;7.869689
Wasserschlo√ü ;47.979015;7.915247
Kleiner Steinmetzbogen;47.982833;7.832445
Flower Power ;48.001017;7.84775
Stone Woman;48.048688;7.862545
Siegesdenkmal;47.998144;7.851569
Stadt Freiburg Stein;47.989834;7.894131
F√§sslestemmer;48.042451;7.866293
Adler im Zoo;48.086841;7.959896
Eingang Friedhof Gundelfingen;48.045775;7.867731
Wegkreuz Z√§hringen Oberdorf;48.016599;7.8653
Frosch Kinderklinik;48.003409;7.843476
Biologische Untersuchungsstation ;47.980208;7.911503
Caf√© Velo;47.996594;7.839558
White Dragon;48.01118;7.810919
Big Boulder ;47.996283;7.873394
Rutschenturm;48.004467;7.818518
Kirche Betzenhausen;48.009631;7.808021
Matth√§uskirche - Jugendtreff;48.008956;7.813979
Kletterger√ºst Oktagon;48.007113;7.812409
Maximilian Dortu's Crypt;47.985846;7.857125
St. Barbara Church ;47.980125;7.897548
Wasch und Backhaus;48.022767;7.860631
Trophy at Night;48.01167;7.841475
Broken Arm Statue;48.008558;7.83998
Stadtrat Karl Walterspiel;47.96618;7.836113
Der Merkur;47.987973;7.898235
Goldmarie;48.008677;7.846826
Waschanlagenkirche;48.018699;7.842661
Fabrik Sonntag;48.097844;7.967188
Der Mars;47.988603;7.897108
Fische sind Freunde;47.995222;7.843665
Lux Aeterna;48.007404;7.871225
Mach Mal Pause;48.027549;7.845635
Waldkirch Burgh√ºtte;48.097935;7.957417
Narrenbrunnen;48.093345;7.960878
Berufliches Schulzentrum;47.999781;7.826043
"Graffiti ""Sport""";47.996812;7.843383
Brunnen bei Nacht;47.996815;7.856622
Loretto Brunnen;47.984444;7.847777
Die Venus;47.988198;7.897871
Spielplatz am EKZ;47.994938;7.810651
Matsuyama;47.996373;7.849397
Kinderhaus Fang Die Maus ;48.004257;7.816031
Angler Am Rabenturm;48.093876;7.959391
Kopf√ºber ;48.085857;7.958177
Weird Metal Thingamagiggy;48.028976;7.807676
Schachmatt;48.004886;7.809802
Jugendtreff;48.067858;7.894823
Der Kran ;47.980383;7.902789
Alien Ice Cream;47.998164;7.849284
Die drei Sch√∂nen;47.974767;7.908968
Rechtmediziner;48.000749;7.851324
Krozinger Stra√üe;47.992861;7.810141
Leichtathletik;48.071388;7.897996
Eule;48.009201;7.803553
Drehscheibe ;47.993427;7.810877
Kultur und B√ºrgerhaus;48.068206;7.897965
Grafitti am Service Center Studium;47.994788;7.844112
Gedenktafel;47.981159;7.899721
Dank den Schweizern;47.984925;7.854106
Graffiti Heads;48.069742;7.89612
Stadtkapelle;48.093286;7.960232
Weingarten Mosaik;47.99452;7.810071
Statue Alexander Ecker;48.000941;7.850436
Scheffelhof;48.094336;7.96506
Steinman Mit M√ºtze;47.991697;7.880158
Europa Wir Kommen;47.987688;7.873265
Pyramide;47.995289;7.81054
Holzeule 1;48.072607;7.893046
Freiburger Wasserweg;47.982515;7.904379
Heimat;47.998239;7.848161
Beachvolleyball;48.071417;7.897231
Gewaltopfer Baum;47.9961;7.846522
Kirche der Paul-Gerhardt-Gemeinde;48.107489;7.97654
Kriegsopfer-Gedenkstein;48.074808;7.893166
Brunnen an der Sparkasse;48.094061;7.963002
Orgelfabrik Xaver Bruder;48.091024;7.964873
Denzlingen St. Jakobus Kirche;48.070214;7.890756
D√§dalus-Skulptur;48.093736;7.970389
Kleiner Meyerhof;47.996289;7.847652
Waldkircher Friedhof;48.094674;7.972455
Schl√∂sslescheune von 1614;48.091314;7.965717
Ebnet Schl√∂ssle;47.987484;7.901901
Nathan Block Stolperstein;47.9942;7.843178
Platz der Wei√üen Rose;47.994306;7.846806
Ufo In Waldkirch;48.088683;7.944578
Station Drechseln;48.066021;7.8532
Suggentalerweg;48.068293;7.913283
KGII Concrete Structure;47.997158;7.844247
Freiburg Hauptbahnhof;47.997595;7.842275
Rupert-Fischer-Brunnen;48.00496;7.87346
Antike Vase;47.998211;7.843328
Naturerlebnispark Waldkirch;48.087315;7.951912
Der Anker;48.000783;7.845103
Steinfigur;48.071247;7.899848
Vereinte Nationen ;47.989863;7.872497
Stolpersteine;47.998363;7.844539
Alte Schmiede;48.065772;7.852636
Kreisel Konzerthaus;47.995863;7.841659
Nerthus-Kult;48.065523;7.852948
Freiburg Im Breisgau;47.99579;7.842209
Spinning Top;47.99538;7.841128
Post Mann;48.000312;7.8131
Kreuz von Batzenh√§usle ;48.086363;7.93039
Spielplatz im Heidach;48.068433;7.905703
Schlangenrutsche;48.001312;7.806456
Kunst Am Platz;47.99755;7.859092
Energytails Fountain;47.992089;7.872052
Minigolf Denzlingen;48.073496;7.903337
Spielplatz Erfurter Stra√üe;48.072079;7.901286
Mensatotempfahl;48.002449;7.849214
Intercity Hotel Skulptur;47.997105;7.841821
Commerzbank Freiburg;47.99858;7.843627
Kristallographie;48.002677;7.850305
Spechtpassage;47.99451;7.841235
Stolpersteine Abraham und Grumbacher;47.997417;7.843671
Kneippanlage;48.094076;7.981475
G.v. Hevesy Stolperstein;48.001365;7.847575
St√ºhlinger 1885-1985;47.996462;7.838728
Blechbl√§ser Bei Nacht;48.067235;7.882812
;47.982433;7.854521
Rusty Needle;48.002646;7.848147
Clubheim VFR V√∂rstetten;48.060807;7.844172
Kunst am Bach;47.992413;7.84108
Gasthaus Hirschen;48.064778;7.891934
Trimmdichpfad Reckstangen;47.981651;7.857554
Spielplatz Gr√ºnmattenstra√üe;48.069719;7.907664
Denzlinger Wappen;48.067738;7.895325
Jazzhaus;47.994903;7.840449
Biene Maya Kolonien ;47.989444;7.903644
Brunnen Altenheim;48.071187;7.90335
√úbersicht Umgebung ;47.985547;7.903156
Birdie;48.06895;7.882363
Festung Freiburger Schlossberg - Der Kommandantengarten;47.996811;7.864973
Kepler;48.002909;7.856811
Grenzstein Ebnet 1790;47.986708;7.904471
Spielplatz;47.984789;7.851332
Bahnhof Gundelfingen;48.043997;7.874269
Fl√∂tist Stadtgarten;47.997355;7.857937
Postbank ;48.067354;7.885546
Karlstr Cross;48.001352;7.856594
Rudolf Schilling Brunnen;47.984938;7.849872
Ishibashi Ishiguro;47.997019;7.858699
Gundelfingen;48.035293;7.863748
B√ºcherzelle Denzlingen;48.066994;7.883231
M√ºhlenstein;48.066304;7.885837
Kapelle Im Alten Friedhof;48.000926;7.857031
Stahl und Stein;47.992141;7.86878
Ein Vogel Im Wald;47.989292;7.902333
Gasthaus zum Gruenen Baum;48.067485;7.881631
Trimmdichpfad Hangelleiter;47.980789;7.856051
roccafe;48.066445;7.884025
Pavilion Tausendf√ºhler;47.98804;7.813166
Jugendtreff Br√ºhl-Beurbarung Graffito;48.005096;7.844057
B√ÑKO S√ºdbaden;47.985632;7.805837
Renaissance ;48.008481;7.843162
 Blue Marlin;47.985995;7.81174
Wooden Men Sculpture ;48.005604;7.851845
XIIII  Leichnam ins Grab;47.981216;7.837763
Power Murale ;48.004135;7.852146
Hidden Lady Mary;48.008112;7.844157
I. Jesus wird verurteilt;47.981665;7.838852
The Bird and the Cloud Sky ;48.008331;7.842156
Heckenkunst;47.981691;7.892677
Blonde Lady;48.000319;7.839973
L√∂wen Pavilion;48.007976;7.843316
Jesus Christus;47.981465;7.838618
"Gedenkkreuz ""Wort des Trostes""";48.012094;7.809712
Spielplatz Kampffmeyerstrasse;47.988687;7.811792
Frauenstatue Berg√§cker;47.982338;7.887384
Monolith Old Cemetery;47.981656;7.788399
Steinofen;47.974764;7.823236
Man with Pig;48.005719;7.853053
R√∂hrenkunst;47.991858;7.861943
Ritter Martin Malterer;48.098057;7.956688
Pyramiden-Seil-Spielplatz;48.029741;7.861107
Kath.Kindergarten Maria Hilf;47.987592;7.86667
Apostel Statue;48.008696;7.846178
Ball Sport Halle;48.072047;7.896907
Eichenlaub Mosaik;47.997018;7.842498
Kunstsitz;47.995964;7.847161
Caritas;48.012319;7.805805
Windrad-Steckdose;48.001104;7.842367
Nie wieder Krieg;48.000756;7.842487
Stolpersteine;47.999624;7.836982
Uhrturm Littenweiler ;47.981753;7.894316
Terassengarten Loretto Krankenhaus;47.982234;7.840305
Denkender Engel;48.008142;7.845498
Chromosomen;47.980678;7.892605
Gundelfingen Endhaltestelle;48.034651;7.863393
Freibourg;48.008835;7.844851
Vogelbad Uniklinik;48.00529;7.839876
Kepler Basketball Planet;48.001304;7.793669
Synchron Spirals;48.005013;7.841443
Mysteri√∂se Musik-Statuen;47.98888;7.872584
Pavillon Waldsee;47.982583;7.876431
Hidden Fountain;48.008764;7.841009
Pflug;48.011756;7.808066
Mosaik;48.007161;7.835691
Kinderstatue;48.004321;7.843176
Shake Plates;48.003598;7.842993
Bruckwaldweiher;48.093658;7.983436
Ritter Hermann von Sulz;48.096337;7.956721
Lehen Ortseingang;48.01335;7.807324
Weisse Knubbel;48.005198;7.842644
Wasserspender;48.008942;7.839728
Graffiti (Tunnel);48.012202;7.807792
Ebneter Schlosssteg;47.983816;7.902963
Moin Blocks;47.974301;7.829809
Stonehenge;48.012167;7.811611
St. Carolus Waldkirch;48.091519;7.946459
Ritter Martin Malterer;48.096242;7.957476
Altes Rathaus Littenweiler;47.97931;7.895824
Breite Rutsche;47.974224;7.814846
Vogel Im Zoo;48.085608;7.959514
Waldpavillion;47.984712;7.873025
Kapelle der Uniklinik;48.006557;7.838137
Iron Jesus;48.007812;7.841089
H√∂hlenmalerei;47.976909;7.814761
Frosch K√∂nig;47.981212;7.889596
Der Boden Lebt ;48.085409;7.958405
"Kreuz ""Gemeinde Littenweiler"" ";47.980632;7.897742
Stromverteiler;48.044366;7.87421
Mauerreste;47.993696;7.861072
Rooftop;48.000329;7.828066
Centuries Old Foundation Stone;48.022805;7.864712
Soccer And BBQ;48.009158;7.835468
Gedenkstein;47.999987;7.829334
Kletterger√ºst Waltersbergweg;48.006723;7.870407
Storchenpaar;48.004957;7.836192
Metropolis;48.003175;7.834454
Riesen Eist√ºte;48.005722;7.82728
Ziehharmonika Relief;47.994218;7.828705
Stromkasten;47.987691;7.868824
Zitronenpresse;48.005698;7.820533
Lehen Erstes Kreuz;48.019588;7.801909
Kreative Energie;48.040113;7.859775
Brunnen im EKZ Landwasser ;48.023701;7.809955
Roter Otto;48.024719;7.810643
Kunstwerk am Universit√§ts-Notfallzentrum;48.007975;7.838172
Freiburger Rabe;47.988755;7.868704
Wappen 1889;48.008861;7.831575
St. Petrus Church;48.023263;7.808208
Solare Energiesysteme;48.008672;7.83437
Baum des Jahres 2011;47.998704;7.82904
Studentenwohnheim Berliner Allee;48.003322;7.820544
Marktplatz-Brunnen - Waldkirch;48.093481;7.961466
Kloster der Herz-Jesu-Priester;48.010846;7.85795
Springbrunnen;48.007504;7.830964
Planetarium Freiburg;47.999188;7.843148
Stone Nut;48.045769;7.869358
Holbeinplatz;47.981445;7.845121
Stepping Stones;47.973686;7.828384
Das Auge;48.006996;7.835686
Energy Tower Gundelfingen;48.046016;7.874431
Ger√ºst;47.988044;7.867338
Fiddlesticks Grafitti Wall;48.006441;7.820398
Zombie Django;47.974494;7.826699
Edelsteinschleiferei;48.096236;7.963233
Kreuzigung Eschholzstra√üe;47.995983;7.834167
Homestar Runner;47.997592;7.828333
Bundschuh;48.017122;7.802287
Statue St√ºhlingerpark;47.996723;7.837902
Sch√ºtzen ;47.988088;7.865956
Lehen St. Cyriak Kirche;48.017492;7.801861
Entenbad Haslach;47.989657;7.823252
Graffiti;47.997419;7.836576
H√∂lzerne B√§ume Tor;48.004736;7.828713
Stolpersteine C.  und L. Judas ;47.989549;7.866588
Markstein Lehen;48.017402;7.803796
Kruzifix Stadtstrasse ;48.00477;7.863389
Steinkringel;47.987951;7.865073
Graffiti Runzmattenweg;48.002393;7.825683
Jesuskreuz;48.095698;7.961448
Bartmann;47.998718;7.83107
Christliche Missionsgemeinde;48.01917;7.852971
Brunnen St.Urban;48.005604;7.86717
Lyc√©e Turenne ;47.987434;7.866333
Wasserhahn Eschholzpark;47.9997;7.830456
Brunnenversiegelung;48.025397;7.804037
Minispielplatz Haslacher Strasse;47.99619;7.824346
Altes Depot;48.000977;7.867378
Artistic Box;47.99695;7.836292
Construction Site Art;48.000003;7.832486
Phyllobates terribilis;48.043901;7.877997
Gehlert-Brunnen;48.029057;7.84395
Haslacher Str;47.995641;7.824799
Mundenhof ;48.008939;7.781608
Skater Park;47.995836;7.78475
Herderner Rammbock;48.00333;7.861962
Des Nahen Waldes Reine Quelle;47.987859;7.863784
The Frog;48.023977;7.809148
Thai Chi Buddha ;47.996758;7.844517
Weststadion Freiburg;48.00703;7.825502
Skulptur am Rosengarten;48.007611;7.824036
Hotel Parking;47.986951;7.838928
Uni Radio;48.014015;7.831736
Gazebo West;48.006519;7.823463
The Eagle;48.003876;7.853516
Ein Rotes Kreutz;48.024069;7.794856
HKDM;47.992825;7.832372
Uni Logo XXL;48.012724;7.835477
Tischtennis An der Tf;48.01481;7.831238
Adler 1913;48.012858;7.833983
Freiburg: Iron Portal;48.005016;7.854963
Artsy House;48.008657;7.863259
Eugen Martin Anlage;48.006716;7.824081
Ohrmuscheln;47.993115;7.832663
Holzkreuz aus Stein;48.000994;7.858433
Festung Freiburger Schlossberg - Das Obere Schloss ;47.996562;7.866182
Naturschutzgebiet Rieselfeld 01;47.998188;7.784389
Goldenen Hirsch;48.015481;7.802036
Apotheken Street Art;47.997177;7.84992
Kultur- und B√ºrgerhaus Denzlingen;48.068567;7.898108
Zelt Musik Festival;48.008385;7.780259
Swirl Portal Fabrik;48.010941;7.855865
Waser Piramid ;48.007698;7.823779
Jaeger Brunnen;47.971354;7.852956
Tramtower Skulptur;48.001141;7.786997
Rail man;48.014754;7.845807
Erhaltenswertes Grabmal;48.007897;7.845242
Schn√ºrsenkel;47.989991;7.841731
Weltkugel;47.998473;7.858336
Lalli-Brunnen;48.00768;7.863428
Brunnen am Erlenweg;47.992767;7.831345
Man and Duck ;48.005403;7.853027
Rumpelhausen;47.99389;7.8362
Gr√ºnhof;47.99413;7.839893
Menschenkreuz;47.982328;7.888611
Trotte St. Schorsch ;47.979809;7.794673
Zur Ehre Gottes;47.980874;7.883157
Spiderweb House;47.997023;7.819184
Tree of Life;48.009884;7.839064
Namenlose Dame;48.010234;7.839715
Bhf. St. Georgen;47.97569;7.802795
Mund üëÑ Zu;48.002624;7.859799
Internet Explorer;48.008267;7.871881
Waldorf Brunnen;47.974087;7.801215
Baumhaus;48.011071;7.841748
Jesu Kreuz Andreas;47.979105;7.808623
K√∂nigliches Entree;47.994386;7.850206
Mais Man;48.01348;7.83927
Eingangsw√§chter L√∂wen OBV;48.025702;7.847411
;48.00467;7.860334
Engel Nero  ;48.010734;7.840106
Skulpurenkreis;47.97472;7.801884
Ev. Ludwigskirche Freiburg-Herdern;48.002167;7.85906
Grabmal des steinernen Baums;48.010321;7.839993
Deutsche BANK ;47.99049;7.848384
Z√§hringer Kreuz;47.984834;7.848152
Mundenhof Jurte;48.016146;7.777756
Riesenerdbeere;48.021758;7.839802
Captured Sphaere;48.010312;7.841415
Stephanusbrunnen ;47.981106;7.881348
Ritter Martin Malterer ;48.098924;7.957468
Fat Statue ;48.004365;7.857326
S√§gem√§nnchen;47.978626;7.886146
DAV Kletterhalle ;47.981102;7.818523
Drehdingens;47.996445;7.817514
Stone Samples ;47.982908;7.805195
Pl√§tscherbrunnenportal;47.984565;7.840844
Freibourg;48.000311;7.858467
Deicheleweiher oder St. Valentin;47.980148;7.856391
Waldhaus Freiburg;47.972812;7.841885
Tierversammlung f√ºr die Hauptstrasse;48.007816;7.85962
Soldiers Sculpture;48.00578;7.850555
Blindenheim ;48.007066;7.857566
;47.970138;7.83941
Sandbrunnen;48.014085;7.816545
Betzenhausener Wappen;48.011429;7.809341
Gedenkbrunnen;48.017047;7.801359
Best Beer in Town;47.979226;7.819406
Nepomuk;47.977177;7.798019
Kreuz;47.993387;7.799036
Red Street Art;47.994962;7.811718
freiburg: griffin;47.993335;7.857466
Gedenkstein;47.97071;7.852224
Kleiner Brunnen am M√ºller;48.006462;7.846358
Echsenbrunnen;47.989558;7.857401
Dreisam Badehose;47.992294;7.837317
Kletterwald;47.997243;7.780742
Gundelfingen Bell Tower ;48.038423;7.868675
Evangelische Kirche G√ºnterstal ;47.96594;7.85695
Stadthalle Freiburg;47.986879;7.872724
Wegstein Eselsbackenweg;47.980813;7.85814
Steineule;47.983131;7.887281
Wei√üer Drache;48.011294;7.810672
Monument aux morts, Freibourg;48.009245;7.841794
Herdern Bahnhof;48.008491;7.851207
Madeira-Fr√∂sche;48.023464;7.853875
Kampf der Liebenden;48.006636;7.844233
Kreuz Ebnet 2;47.98599;7.907836
Segelschiff;47.987812;7.87544
100 Jahre Gedenkstein Turnverein Waldkirch;48.089493;7.957989
Stiftkreuz;47.97829;7.803785
Dreisamhalle Ebnet;47.984577;7.903754
Jesus Sculpture In The Park;48.006733;7.858776
Kirche St.  Georgen;47.981392;7.79354
Copper cross;47.965494;7.83352
Der Millenium;48.022625;7.827239
Bunte Kinder;48.01607;7.803992
St. Anna Kapelle;47.984776;7.911986
Agentur f√ºr Arbeit;48.002941;7.831666
Wetzstein 1973;48.095416;7.961398
Wegweiser J√§germattenweg;47.981035;7.863434
M√ºnsterspitze G√ºnterstal;47.962088;7.861815
R√∂hrenkunst;48.064353;7.879577
Jesus wacht √ºber den Wein;47.972622;7.805551
Maria und der Drache;47.987634;7.863947
Kunstraum Heiliggeiststrasse;48.00447;7.842485
Bunte Wasserrutsche ;47.993238;7.813152
Spielplatz am Heimatweg;48.070754;7.902768
Big Table;47.979914;7.821559
evangelisch-lutherische Kirche;48.000652;7.858593
Engel mit Kranz;48.001366;7.858644
Fountain ;47.965773;7.855637
Glashaus;47.999345;7.79216
Metal Duck ;48.037979;7.812036
Storchennest mit L√ºfter;48.014819;7.780588
Gedenkstein WW2 √ºber Herdern;48.010093;7.873154
Parallel Stone Lines ;48.04116;7.871651
Wegweiser J√§germattenweg II;47.980965;7.85916
Font√§ne;47.989741;7.904914
Heinz Ritter- Halle;48.06187;7.842762
Waldgeist;47.97116;7.913204
MC Black Rider Vereinsheim;48.081465;7.944825
Energies√§ule;47.994377;7.811359
Brunnen;47.997244;7.847833
Kletterpark Waldkirch;48.088687;7.958693
Mother and Son;48.01316;7.812516
Drachennest;47.981165;7.85474
Schmitz Katze;47.992289;7.832367
Jesus und Maria;48.104564;7.972679
Gedenkkreuz Bruggastra√üe;47.985645;7.906257
Long Slide;47.995424;7.811809
Kornkreis;47.990767;7.848453
Quercus robur Stieleiche;47.968875;7.854033
Gebeugter Mann;48.000876;7.833058
Hotdog;48.000853;7.813744
Erbaut 1900;47.990344;7.850153
Hegar Haus;47.991645;7.844335
Alban Stolz;47.995152;7.8543
Rundes Wohnhaus;47.994384;7.835286
Futschikato;47.995387;7.844636
Mosaikschlange;48.097072;7.974736
Str√§flingskugel;48.000668;7.793864
Brunnen Wilhelm Ecke Moltke;47.993217;7.84284
Post Jahn 2;47.989416;7.890127
Scuba Diver;47.995187;7.840964
Schwarzwaldm√§del;47.989548;7.847529
House of Dwarfs;47.980805;7.833876
Die Hand;48.004853;7.823208
Haus Zur Heiligen Barbara;47.983685;7.894521
Passion;48.02429;7.81589
Wand Relief Aok;47.998946;7.847563
Pavillon;47.995957;7.783479
Abdruck;48.012116;7.813499
Riesen Rettungsring;48.007403;7.838655
Morlock Luftschacht;47.999812;7.856675
Fels im Stadtgarten;47.997988;7.856749
H√§nsel Und Gretel;47.998236;7.783691
V√∂rstetten L√∂wen;48.065186;7.849418
Wein Und Geschichte;47.973859;7.793146
Gr√ºnspecht;48.04013;7.817344
Breisacher Tor;47.992341;7.848052
Eisen Engler;47.982249;7.801343
Steindrache;47.997615;7.79691
Warnwolkens√§ule Staudinger S√ºd;47.990763;7.823909
Mach Es Wie Die Sonnenuhr...;47.980129;7.78982
Zunfthaus der Narren;47.996547;7.848488
Weingut Bernhard Sch√§tzle;48.015954;7.801818
Steinschnecke im Seepark;48.011414;7.81891
Neuapostolische Kirche;47.994366;7.812835
Kinder und Jugendtreff Haslach;47.990611;7.823685
Rotteck;47.995047;7.84642
TC Freiburg;47.989532;7.883618
Ritter zur Kastelburg;48.097693;7.954265
Herzst√ºck;48.011638;7.807035
Stoned Water Source;47.982622;7.857594
Brunnen St√§dtepartnerschaft;48.093997;7.957876
Bewachsener M√ºhlstein;48.070163;7.8725
Eisstadion;48.009025;7.826883
Frauenskulptur: Dreifach ist der Schritt der Zeit (Schiller);47.997318;7.857049
Badenova Hase;47.986351;7.802762
Two Camels;48.008609;7.781614
Graffiti am Westbad;48.010885;7.823458
Gedenkstein TV St. Georgen;47.972109;7.810069
Weinkreuz;47.974508;7.796095
60. Geburtstag;48.066468;7.881649
Freiburg Golden Statue;47.995559;7.85173
Blaue Giraffe;48.013952;7.825402
Bordello Kulturgut;48.030826;7.843153
Goldener Stiefel ;47.990814;7.818478
Badenova Springbrunnen;48.028249;7.846025
Evangelische Pfarrgemeinde Ost;47.989391;7.874512
Aliens√§ule;47.985087;7.852776
Nordtrib√ºne Freiburg;47.989366;7.893636
Lautloser J√§ger Der Nacht;47.988657;7.851117
Cubes Sculpture;47.981443;7.893425
Jupiter;47.990154;7.89273
Playground G√ºnterstal;47.968131;7.853047
Engelstrasse;47.996473;7.852825
Gedenkstein Haslach Scherrer Platz;47.990606;7.819985
Gedenkkreuz des Friedens;48.012486;7.81645
Hernsteiner & Gyrsie ;47.993441;7.852666
Doppelherz;47.973631;7.820224
Freiburg: Sculpture at Schlossberg Parking;47.994098;7.855688
Bienenhaus;48.010048;7.782252
H√∂lzerner Hexenreiter;48.010692;7.779287
Kleiner Brunnen;48.000599;7.857519
Stahlkunstwerk J√§gerh√§usle;48.008741;7.871807
Stairway to Heaven;48.00145;7.791667
Wegweiser Trimmdichpfad;47.980426;7.855463
Pinguine;48.071114;7.891603
2000 Meter;47.981702;7.857034
Kreuz;47.995207;7.809693
Storchenturm Denzlingen;48.06926;7.87576
H√§ringerkreuz ;48.098439;7.980998
Fr-Wiehre Neuapostolische Kirche;47.986161;7.86367
Kreuz;47.992695;7.850593
Himbeers√§ule;47.995144;7.812606
Badenova-Graffiti;48.024177;7.85514
Pizzeria DAL BLU;47.992689;7.788979
Halfpipe;48.032275;7.803769
Schneckenreiterbrunnen;47.997237;7.846585
Albertus Burse;47.999006;7.840147
Good Old Machine;48.039859;7.809004
FT Denkmal;47.988777;7.884972
Stolpersteine Familie Veit;47.993666;7.848592
Erdrutsche;47.996812;7.793336
Rocket;47.990851;7.837593
Holzkopf;47.972901;7.843058
Red Metal Art;47.992107;7.857966
Sitzender Mann;47.995321;7.853949
Br√ºckenkopf;47.996997;7.838719
Badenovah√§uschen 2;47.987811;7.827452
French Army Decoration;48.013169;7.833167
Technische Fakult√§t Geb. 52;48.014136;7.833949
Dead Forest ;48.010934;7.854811
Institut f√ºr Psychologie;47.997178;7.833666
Holzstiere;47.991229;7.893602
Neuapostolische Kirche;48.066167;7.901543
Die gro√üe Holzeule;47.997706;7.777518
Wegkreuz Wildtal;48.03048;7.867669
Redwood ;47.967459;7.837617
Wigwam;47.976128;7.817982
Eiger Nord Kletterhalle;48.028144;7.854534
Chang Thai;47.994006;7.851396
Die Grille;47.99874;7.83029
Spielplatz;47.992395;7.805106
Kinder Galaxy;47.982595;7.810257
Brunnen Merianstrasse;47.99748;7.849569
St√§hlerner Albatross;48.001341;7.823366
Mrzh. Dorfmitte Fontana;47.965552;7.827419
Eselreiterin;48.010827;7.826015
Museum f√ºr Neue Kunst;47.992497;7.852349
Festung Schlo√überg;47.993336;7.856167
Copy Cat;47.980684;7.89672
Kastaniengarten;47.992819;7.855681
Gedenkstein Talstra√üe;47.988918;7.852383
Forsthaus Seepark;48.009972;7.81673
Terrassenbrunnen Mundenhof;48.015228;7.777428
Kreuz Dietenbachsee;48.000243;7.801922
Cemetary South Gate;48.005686;7.843191
Freiburg Flower Fountain;48.000562;7.846078
Kindergarten St. Blasius;48.022082;7.86222
Hobbithaus;48.011858;7.82092
Upside Down Bear;47.978545;7.830251
Festung Freiburger Schlossberg;47.993681;7.8622
Weingarten Markt;47.994225;7.810125
Weinfass;48.068695;7.876299
Pagode am Mundenhof;48.011028;7.779911
Brunnen Mauracher Berg;48.070465;7.887567
Leo Bloch - Kurt & Carla Lindemann Stolpersteine;47.997049;7.834516
B√§ckerei B√ºhler;47.986898;7.850582
Weisser Kopf Stadtgarten;47.998481;7.857003
G√§steeingang;47.988138;7.893205
Conni Statue;47.983522;7.797318
Noch Ein Kreuz;47.973997;7.794038
Denkmal 1. Weltkrieg ;48.103374;7.972191
Stoned Lambda;47.999018;7.838406
Sonnenuhr;47.97872;7.81101
Waldbrunnen ;47.971219;7.84
Man With Arm;47.979171;7.827973
Old Church Remnants ;48.002345;7.858512
S√§ule der Toleranz, Freiburg;47.993614;7.852116
Freiburg ¬∑ Colombischl√∂ssle ¬¶ ;47.997749;7.846241
C.A.Hoffmann;47.992895;7.861819
3 S√§ulen;47.980258;7.888919
Street Octopus;47.993002;7.846544
Am√∂be;47.976549;7.825817
Fuchs Eichh√∂rnchen und Wildschwein;48.019236;7.816811
1400;48.01166;7.818276
Drei Sitzende Aus Stein;47.981536;7.903324
Icecream Mariotti;47.989252;7.843076
Kirche Light;48.013136;7.821221
Eulenskulptur im Stadtgarten;47.997588;7.857315
Fraxinus Exelsior;47.969988;7.839202
Elementarstein der Wiehre;47.9846;7.849126
Tabak Graffiti ;47.993829;7.840982
JE SUIS CHARLIE Freiburg;47.991069;7.855467
Grafitti-Wall;48.014966;7.816588
Insektenhotel;48.048474;7.877708
Taubenschlag im Seepark;48.012792;7.816642
Steckdosenmann;47.990612;7.845593
Freiburg Knights Ballpark - Homeplate;48.002337;7.807678
1000-Jahr-Feier Brunnen;48.069736;7.886868
Uhrentor;47.974571;7.827127
Schlossberg Historischer Rundgang;47.995391;7.863239
Botanischer Garten;48.008877;7.855532
Alter Brunnen in Freiburg;47.997836;7.843024
Heiliger Nepomuk am Marktplatz Waldkirch;48.092955;7.962452
Wurm Park;48.006683;7.837325
Omega Electronic;47.9982;7.835794
Kugel Am Klinik Casino;48.006799;7.834282
Ziegelhofbrunnen;48.089656;7.961556
Die 3 F√§sser;47.977991;7.791263
White Lions;48.011305;7.81123
Erkerkunst;47.995065;7.852724
Brezell√∂wen Freiburg;47.995078;7.842408
Elztalmuseum Waldkirch;48.09091;7.962491
Cork Screw;47.993175;7.84586
Frauenwerk;47.994708;7.856073
Aztec;47.995401;7.848581
Gedenkst√§tte;47.988462;7.904503
Herz-Jesu-Kirche;47.996897;7.837463
Freiburg: The Red Tower;47.994155;7.859298
Eulenbrunnen;48.002309;7.854294
Kaltenbach Kreuz;48.006457;7.841885
Messer und Gabel;48.009916;7.843858
Rau-Brunnen Kartoffelmarkt Freiburg;47.9968;7.851028
Bushaltestelle Siegesdenkmal ;47.997955;7.8525
Nicht Die Nachtigall;48.00961;7.811496
Wiehre Ritter;47.981666;7.848055
Woher kommt das Trinkwasser ;47.982366;7.905754
Kanaldeckel;47.993961;7.847281
Kastelburg Ruine Waldkirch;48.097226;7.957559
Gymnasium Tortur Platz;48.014176;7.823942
Berlinische Feuer-Versicherungs-Anstalt;47.999043;7.846873
Baumaschine aus dem Mittelalter;47.994257;7.852907
Ave Maria ;48.009468;7.846388
Rutschenturm;48.002576;7.844275
Braunkohlewaldschautafel;47.973652;7.849002
Annaplatz Brunnen ;47.98539;7.846117
Freiburger Mundenhof - Spendenaffe;48.015463;7.779123
Bertoldsbrunnen;47.994865;7.849817
Brunnen;47.990522;7.84996
Stolpersteine Neumark Und Meyer;47.991679;7.852201
Leuchtballon Am Hauptbahnhof;47.995658;7.838984
Die Welle;48.001083;7.832787
Alter G√ºterbahnhof;48.010754;7.848447
R2D2;47.995715;7.843792
Mosaik Muschel;48.009526;7.828959
Mondo;47.985408;7.838543
Den Fliegeropfern des Krieges;48.009047;7.843324
Volleyball-Platz am Wald3eck;47.995729;7.786461
Brunnen vor der Volksbank;48.067934;7.886754
Bierh√§usle;48.01516;7.802505
Bursengang;47.995623;7.84914
L.Jahn;47.989185;7.888986
Mutter&Kind Relief;47.993965;7.829452
Holzkl√§nge ;48.087599;7.957003
Advent Kapelle;47.985318;7.849626
Salamanderstein;47.986944;7.865463
Skulptur An Der Katholischen Hochschule;48.003889;7.856966
Das Krokodil;47.99309;7.85295
Insektenhotel an Der Dreisam;47.990757;7.891812
Happy House ;47.978594;7.803537
E - Werk;47.99414;7.833312
Respektlose V√∂gel :-);47.990778;7.854396
Rusty Cube in Freiburg;48.010833;7.848055
Steinstatue Frau;48.070915;7.899578
Steinstatue W√§scheklammer;48.070296;7.899122
Kraut und R√ºben im Eschholzpark;47.998619;7.828737
Skulptur am Dorfbrunnen;47.991533;7.815795
Sonnenuhr Alles Braucht Zeit;47.998684;7.858284
Kreuz;48.022304;7.801538
Finkenschlag;47.990684;7.813867
900 Years Ebnet ;47.987026;7.897496
Aphrodite;47.993998;7.849224
J√§gerbrunnen;47.970978;7.851869
Kirche Herdern ;48.006946;7.863863
Panorama;48.013889;7.81427
3 Etagen Brunnen;48.06793;7.893415
Pyramide Uniklinikum;48.006848;7.837195
Gedenkbrunnen Heitereweg;48.095611;7.955319
Welcome;47.993094;7.848005
Betzenhauser Torplatz;48.01092;7.811745
Purpur Tentakel;48.009001;7.814685
Kinderbrunnen;48.006173;7.840357
Alter Zuckerhut;47.994817;7.855315
M√ºlhauser St√ºble;48.012029;7.827192
Umgedrehtes Ei ;48.01545;7.777648
Kunst Am Bach;47.992711;7.8401
Dschungel;47.981069;7.895431
Lehen Mosaik;48.013037;7.821698
Urknall;48.001564;7.850817
Riesenl√∂we;48.038968;7.863461
Snakehead;48.001436;7.832521
Colombipark;47.997615;7.846739
Ritter Hermann von Sulz ;48.09703;7.956299
S√ºdwestlicher Brunnen;48.009459;7.838625
Italienische Brunnen;48.010623;7.811255
V√∂rstetten - Kirche am Friedhof;48.064455;7.849304
Carlo Schmid;48.010337;7.827699
Dark Fortress;47.995678;7.860635
Geoinstitut;48.002301;7.847976
BD Crew;48.01076;7.821369
Facade Sculptures;47.995251;7.853251
Alte Presse;47.982548;7.803958
Kriegsdenkmal;48.064636;7.849771
Sacktr√§gerbrunnen;48.064973;7.890519
Kanonikatshaus Waldkirch;48.092053;7.963812
Mensa Rempartstra√üe Mural;47.992512;7.846348
S√§ngerruhe;47.969263;7.803072
Maria voller Tr√§nen;48.002399;7.860233
Herdern Dorfbrunnen;48.007075;7.86356
Hydrantman;48.0421;7.868031
Kirchenglocken von 1921;48.00594;7.833276
Blaue Skulptur;47.992169;7.841201
Heiliger Josef Schutzpatron des Kolping;47.998809;7.855048
Wappen Stadt Wien;48.007945;7.855189
Walddenkmal am Wolfswinkel;48.022338;7.823282
Wisteria Wasserburg;48.009054;7.820512
Freiburg: Tree Sculpture;47.993119;7.857073
Die Hoffnung Ist Blau;47.980793;7.889535
Evangelische Kirche Der Uniklinik Freiburg;48.007296;7.839031
Prisons Head ;48.002864;7.85163
Waldeck Rondell;47.980753;7.849551
Siedlergemeinschaft;48.013757;7.817593
Mitscherlich Kapelle ;48.008544;7.844708
Giraffen;47.987432;7.844474
Fountain Fish;48.009476;7.858605
Vogelhaus am Stadtrainsee;48.088766;7.957476
Freiburg Basler Hof;47.996538;7.851769
Kinderstatuen;48.006058;7.840085
Reblauszunft Statue;47.978592;7.811319
Carl Mez Gedenktafel;47.996773;7.853938
Hexenpilz;47.971329;7.84226
Caf√© Corosol;47.994467;7.834586
Verschmutzung verboten;48.011784;7.854538
Secret Opal-Cubes;48.001058;7.844837
Gedenksteine;47.997563;7.844755
Springbrunnen mit Reiher;48.005877;7.838562
Stolpersteine Jakob und Jette Model;47.986066;7.845432
F√ºrstenberg Graffiti;48.068642;7.88221
Kleiner Flu√ü mit Enten und Fischfliesen ;48.007487;7.856493
Dipylon im botanischen Garten;48.00937;7.857351
Noch mehr Graffiti;47.976537;7.81239
T-Rex;48.064834;7.891418
verarmter Kunde vor der Commerzbank;47.992951;7.848859
Hirschen Brauerei;48.088967;7.959268
Schneggi;48.024332;7.803915
Jaguar Etxea Estatua;47.9881;7.78841
Droste H√ºlshoff Gymnasium;48.010528;7.861613
Brunnen Franz-Geiler-Platz;47.999818;7.834771
Stolperstein A. W. Algner;48.014714;7.803566
Schlussstein vom Tor der Freiburger Munze;47.994437;7.854202
Steinschildkr√∂te;47.999154;7.854442
Wieviel Wasser Braucht Der Mensch;47.984062;7.902077
Compass Rose Mosaic ;47.997532;7.847761
Lovely Fountain ;47.990895;7.845747
Pferd In Garage;48.093911;7.968671
Wandbild mit Kirche;47.993826;7.853583
UFO im Kornfeld;48.008114;7.777971
Brunnen in der Lange Strasse;48.095997;7.963082
Stolpersteine Rosenthal;47.995837;7.849748
Pinus Silvestris;47.97033;7.839774
Brunnen Friedrich-Ebert-Platz;48.003278;7.841555
Balcony Puppets Jugendzentrum;47.994595;7.833642
Steingarten der Geologie;48.00243;7.847189
Sch√ºlerkunst;47.990193;7.873021
Pharmaforte;48.001577;7.84648
Oberlinden 1;47.99398;7.853796
Waage;47.99959;7.838374
Wasserspeier;47.993248;7.850352
Cross with Benches;47.968141;7.909961
Geist Schafft Leben;48.002708;7.85316
Zum Gr√ºnen Baum;48.068087;7.881913
Karlsbau Springrunnen;47.997326;7.855327
M√ºnster;47.995719;7.852921
Keep Reading Mosaik;47.99521;7.846992
West Stadion Portal;48.005906;7.82547
Platz der alten Synagoge;47.994506;7.84605
M√ºhlstein;48.008897;7.805712
Forest Temple;47.996972;7.870494
Affe und Eule - Brunnen;47.983619;7.829663
The Red X;47.993377;7.838783
Stonehead;47.985727;7.815339
Mosaik Kunst;47.99679;7.845861
Brunnen Egon Ecke Antoniter ;48.000582;7.835768
Unser Wald;47.97087;7.837378
L√∂we aus Stein;47.987587;7.801211
Balkongesichter;47.997485;7.794634
Man In Stone;48.013451;7.846344
BSZ Waldkirch;48.093176;7.952247
Emil-G√∂tt-Schule;48.021748;7.859499
Sp√ºren Im WALD ;48.087607;7.957541
Stieleiche (Naturdenkmal);48.04447;7.863889
Ebneter B√ºcherhaus 2014;47.987842;7.905547
L√∂wen;47.97697;7.911575
Lederleplatz;47.999447;7.83881
Historic Locomotive;47.987432;7.832
Weiherhof Schule;48.004923;7.861059
Christuskirche;47.987081;7.8494
Sonnenuhr;48.012267;7.817572
Lutherkirche ;48.003582;7.840954
Gravekeeper;48.006586;7.843881
Towers;47.996466;7.840191
Aeskulap;48.00324;7.838554
Ebnet SVE;47.984172;7.904719
Tell Backport;47.998154;7.836761
Ooomnomnooomm!;48.004009;7.7927
Hangman;47.981548;7.900206
O & X;48.012052;7.822531
Regierungspr√§sidiums-Bogen;48.002475;7.823902
Evangelische Kreuzkirche;47.997769;7.830667
Snoopy Wappen Freiburg;48.004161;7.829375
alter Brunnen;48.023891;7.863368
Bloch Stolpersteine;47.9939;7.843667
Solar Energy Educational Working Station;47.999342;7.845794
Pfffff!;48.01074;7.806564
Brunnen Z√§hringer Tor;48.012467;7.854163
Stoned River ;48.000245;7.827484
Little Stonehenge;47.999254;7.785243
Bahnhof Kollnau;48.101153;7.973886
Mary's Statue ;48.000655;7.855058
Adolf und Babette Heim ;47.99416;7.882081
Maria Skulptur am Schwarzenberg;48.08826;7.962026
Schnecke;48.069838;7.896612
It's a Jungle out There Mural ;48.004537;7.859547
Skatepark;48.097566;7.960696
